id,signature_id,att_order,att_name,att_default_value,att_purpose
1,8,0,estimator,UNDEF,param
2,8,1,safe,True,param
3,9,0,estimator,UNDEF,param
4,10,0,estimator,UNDEF,param
5,11,0,**new_config,UNDEF,param
6,13,0,assume_finite,None,param
7,13,1,working_memory,None,param
8,13,2,print_changed_only,None,param
9,14,0,assume_finite,None,param
10,14,1,working_memory,None,param
11,14,2,print_changed_only,None,param
12,16,0,base_estimator,None,param
13,16,1,method,’sigmoid’,param
14,16,2,cv,’warn’,param
15,17,0,y_true,UNDEF,param
16,17,1,y_prob,UNDEF,param
17,17,2,normalize,False,param
18,17,3,n_bins,5,param
19,17,4,strategy,’uniform’,param
20,18,0,damping,0.5,param
21,18,1,max_iter,200,param
22,18,2,convergence_iter,15,param
23,18,3,copy,True,param
24,18,4,preference,None,param
25,18,5,affinity,’euclidean’,param
26,18,6,verbose,False,param
27,19,0,n_clusters,2,param
28,19,1,affinity,’euclidean’,param
29,19,2,memory,None,param
30,19,3,connectivity,None,param
31,19,4,compute_full_tree,’auto’,param
32,19,5,linkage,’ward’,param
33,19,6,pooling_func,’deprecated’,param
34,19,7,distance_threshold,None,param
35,20,0,threshold,0.5,param
36,20,1,branching_factor,50,param
37,20,2,n_clusters,3,param
38,20,3,compute_labels,True,param
39,20,4,copy,True,param
40,21,0,eps,0.5,param
41,21,1,min_samples,5,param
42,21,2,metric,’euclidean’,param
43,21,3,metric_params,None,param
44,21,4,algorithm,’auto’,param
45,21,5,leaf_size,30,param
46,21,6,p,None,param
47,21,7,n_jobs,None,param
48,22,0,min_samples,5,param
49,22,1,max_eps,inf,param
50,22,2,metric,’minkowski’,param
51,22,3,p,2,param
52,22,4,metric_params,None,param
53,22,5,cluster_method,’xi’,param
54,22,6,eps,None,param
55,22,7,xi,0.05,param
56,22,8,predecessor_correction,True,param
57,22,9,min_cluster_size,None,param
58,22,10,algorithm,’auto’,param
59,22,11,leaf_size,30,param
60,22,12,n_jobs,None,param
61,23,0,n_clusters,2,param
62,23,1,affinity,’euclidean’,param
63,23,2,memory,None,param
64,23,3,connectivity,None,param
65,23,4,compute_full_tree,’auto’,param
66,23,5,linkage,’ward’,param
67,23,6,pooling_func,<function mean>,param
68,23,7,distance_threshold,None,param
69,24,0,n_clusters,8,param
70,24,1,init,’k-means++’,param
71,24,2,n_init,10,param
72,24,3,max_iter,300,param
73,24,4,tol,0.0001,param
74,24,5,precompute_distances,’auto’,param
75,24,6,verbose,0,param
76,24,7,random_state,None,param
77,24,8,copy_x,True,param
78,24,9,n_jobs,None,param
79,24,10,algorithm,’auto’,param
80,25,0,n_clusters,8,param
81,25,1,init,’k-means++’,param
82,25,2,max_iter,100,param
83,25,3,batch_size,100,param
84,25,4,verbose,0,param
85,25,5,compute_labels,True,param
86,25,6,random_state,None,param
87,25,7,tol,0,param
88,25,8,max_no_improvement,10,param
89,25,9,init_size,None,param
90,25,10,n_init,3,param
91,25,11,reassignment_ratio,0.01,param
92,26,0,bandwidth,None,param
93,26,1,seeds,None,param
94,26,2,bin_seeding,False,param
95,26,3,min_bin_freq,1,param
96,26,4,cluster_all,True,param
97,26,5,n_jobs,None,param
98,27,0,n_clusters,8,param
99,27,1,eigen_solver,None,param
100,27,2,random_state,None,param
101,27,3,n_init,10,param
102,27,4,gamma,1,param
103,27,5,affinity,’rbf’,param
104,27,6,n_neighbors,10,param
105,27,7,eigen_tol,0,param
106,27,8,assign_labels,’kmeans’,param
107,27,9,degree,3,param
108,27,10,coef0,1,param
109,27,11,kernel_params,None,param
110,27,12,n_jobs,None,param
111,28,0,S,UNDEF,param
112,28,1,preference,None,param
113,28,2,convergence_iter,15,param
114,28,3,max_iter,200,param
115,28,4,damping,0.5,param
116,28,5,copy,True,param
117,28,6,verbose,False,param
118,28,7,return_n_iter,False,param
119,29,0,reachability,UNDEF,param
120,29,1,core_distances,UNDEF,param
121,29,2,ordering,UNDEF,param
122,29,3,eps,UNDEF,param
123,30,0,reachability,UNDEF,param
124,30,1,predecessor,UNDEF,param
125,30,2,ordering,UNDEF,param
126,30,3,min_samples,UNDEF,param
127,30,4,min_cluster_size,None,param
128,30,5,xi,0.05,param
129,30,6,predecessor_correction,True,param
130,31,0,X,UNDEF,param
131,31,1,min_samples,UNDEF,param
132,31,2,max_eps,UNDEF,param
133,31,3,metric,UNDEF,param
134,31,4,p,UNDEF,param
135,31,5,metric_params,UNDEF,param
136,31,6,algorithm,UNDEF,param
137,31,7,leaf_size,UNDEF,param
138,31,8,n_jobs,UNDEF,param
139,32,0,X,UNDEF,param
140,32,1,eps,0.5,param
141,32,2,min_samples,5,param
142,32,3,metric,’minkowski’,param
143,32,4,metric_params,None,param
144,32,5,algorithm,’auto’,param
145,32,6,leaf_size,30,param
146,32,7,p,2,param
147,32,8,sample_weight,None,param
148,32,9,n_jobs,None,param
149,33,0,X,UNDEF,param
150,33,1,quantile,0.3,param
151,33,2,n_samples,None,param
152,33,3,random_state,0,param
153,33,4,n_jobs,None,param
154,34,0,X,UNDEF,param
155,34,1,n_clusters,UNDEF,param
156,34,2,sample_weight,None,param
157,34,3,init,’k-means++’,param
158,34,4,precompute_distances,’auto’,param
159,34,5,n_init,10,param
160,34,6,max_iter,300,param
161,34,7,verbose,False,param
162,34,8,tol,0.0001,param
163,34,9,random_state,None,param
164,34,10,copy_x,True,param
165,34,11,n_jobs,None,param
166,34,12,algorithm,’auto’,param
167,34,13,return_n_iter,False,param
168,35,0,X,UNDEF,param
169,35,1,bandwidth,None,param
170,35,2,seeds,None,param
171,35,3,bin_seeding,False,param
172,35,4,min_bin_freq,1,param
173,35,5,cluster_all,True,param
174,35,6,max_iter,300,param
175,35,7,n_jobs,None,param
176,36,0,affinity,UNDEF,param
177,36,1,n_clusters,8,param
178,36,2,n_components,None,param
179,36,3,eigen_solver,None,param
180,36,4,random_state,None,param
181,36,5,n_init,10,param
182,36,6,eigen_tol,0,param
183,36,7,assign_labels,’kmeans’,param
184,37,0,X,UNDEF,param
185,37,1,connectivity,None,param
186,37,2,n_clusters,None,param
187,37,3,return_distance,False,param
188,38,0,n_clusters,3,param
189,38,1,method,’bistochastic’,param
190,38,2,n_components,6,param
191,38,3,n_best,3,param
192,38,4,svd_method,’randomized’,param
193,38,5,n_svd_vecs,None,param
194,38,6,mini_batch,False,param
195,38,7,init,’k-means++’,param
196,38,8,n_init,10,param
197,38,9,n_jobs,None,param
198,38,10,random_state,None,param
199,39,0,n_clusters,3,param
200,39,1,svd_method,’randomized’,param
201,39,2,n_svd_vecs,None,param
202,39,3,mini_batch,False,param
203,39,4,init,’k-means++’,param
204,39,5,n_init,10,param
205,39,6,n_jobs,None,param
206,39,7,random_state,None,param
207,40,0,transformers,UNDEF,col_arct
208,40,1,remainder,’drop’,param
209,40,2,sparse_threshold,0.3,param
210,40,3,n_jobs,None,param
211,40,4,transformer_weights,None,param
212,40,5,verbose,False,param
213,41,0,regressor,None,param
214,41,1,transformer,None,param
215,41,2,func,None,param
216,41,3,inverse_func,None,param
217,41,4,check_inverse,True,param
218,42,0,*transformers,UNDEF,param
219,42,1,**kwargs,UNDEF,param
220,43,0,store_precision,True,param
221,43,1,assume_centered,False,param
222,44,0,store_precision,True,param
223,44,1,assume_centered,False,param
224,44,2,support_fraction,None,param
225,44,3,contamination,0.1,param
226,44,4,random_state,None,param
227,45,0,alpha,0.01,param
228,45,1,mode,’cd’,param
229,45,2,tol,0.0001,param
230,45,3,enet_tol,0.0001,param
231,45,4,max_iter,100,param
232,45,5,verbose,False,param
233,45,6,assume_centered,False,param
234,46,0,alphas,4,param
235,46,1,n_refinements,4,param
236,46,2,cv,’warn’,param
237,46,3,tol,0.0001,param
238,46,4,enet_tol,0.0001,param
239,46,5,max_iter,100,param
240,46,6,mode,’cd’,param
241,46,7,n_jobs,None,param
242,46,8,verbose,False,param
243,46,9,assume_centered,False,param
244,47,0,store_precision,True,param
245,47,1,assume_centered,False,param
246,47,2,block_size,1000,param
247,48,0,store_precision,True,param
248,48,1,assume_centered,False,param
249,48,2,support_fraction,None,param
250,48,3,random_state,None,param
251,49,0,store_precision,True,param
252,49,1,assume_centered,False,param
253,50,0,store_precision,True,param
254,50,1,assume_centered,False,param
255,50,2,shrinkage,0.1,param
256,51,0,X,UNDEF,param
257,51,1,assume_centered,False,param
258,52,0,emp_cov,UNDEF,param
259,52,1,alpha,UNDEF,param
260,52,2,cov_init,None,param
261,52,3,mode,’cd’,param
262,52,4,tol,0.0001,param
263,52,5,enet_tol,0.0001,param
264,52,6,max_iter,100,param
265,52,7,verbose,False,param
266,52,8,return_costs,False,param
267,52,9,eps,2.22044604925031E-16,param
268,52,10,return_n_iter,False,param
269,53,0,X,UNDEF,param
270,53,1,assume_centered,False,param
271,53,2,block_size,1000,param
272,54,0,X,UNDEF,param
273,54,1,assume_centered,False,param
274,55,0,emp_cov,UNDEF,param
275,55,1,shrinkage,0.1,param
276,56,0,n_components,2,param
277,56,1,scale,True,param
278,56,2,max_iter,500,param
279,56,3,tol,1E-06,param
280,56,4,copy,True,param
281,57,0,n_components,2,param
282,57,1,scale,True,param
283,57,2,algorithm,’nipals’,param
284,57,3,max_iter,500,param
285,57,4,tol,1E-06,param
286,57,5,copy,True,param
287,58,0,n_components,2,param
288,58,1,scale,True,param
289,58,2,max_iter,500,param
290,58,3,tol,1E-06,param
291,58,4,copy,True,param
292,59,0,n_components,2,param
293,59,1,scale,True,param
294,59,2,copy,True,param
295,60,0,data_home,None,param
296,61,0,X,UNDEF,param
297,61,1,y,UNDEF,param
298,61,2,f,UNDEF,param
299,61,3,zero_based,True,param
300,61,4,comment,None,param
301,61,5,query_id,None,param
302,61,6,multilabel,False,param
303,62,0,data_home,None,param
304,62,1,subset,’train’,param
305,62,2,categories,None,param
306,62,3,shuffle,True,param
307,62,4,random_state,42,param
308,62,5,remove,(),param
309,62,6,download_if_missing,True,param
310,63,0,subset,’train’,param
311,63,1,remove,(),param
312,63,2,data_home,None,param
313,63,3,download_if_missing,True,param
314,63,4,return_X_y,False,param
315,64,0,data_home,None,param
316,64,1,download_if_missing,True,param
317,64,2,return_X_y,False,param
318,65,0,data_home,None,param
319,65,1,download_if_missing,True,param
320,65,2,random_state,None,param
321,65,3,shuffle,False,param
322,65,4,return_X_y,False,param
323,66,0,subset,None,param
324,66,1,data_home,None,param
325,66,2,shuffle,False,param
326,66,3,random_state,None,param
327,66,4,percent10,True,param
328,66,5,download_if_missing,True,param
329,66,6,return_X_y,False,param
330,67,0,subset,’train’,param
331,67,1,data_home,None,param
332,67,2,funneled,True,param
333,67,3,resize,0.5,param
334,67,4,color,False,param
335,67,5,slice_,(slice(70,param
336,67,6,195,UNDEF,param
337,67,7,None),UNDEF,param
338,67,8,slice(78,UNDEF,param
339,67,9,172,UNDEF,param
340,67,10,None)),UNDEF,param
341,67,11,download_if_missing,True,param
342,68,0,data_home,None,param
343,68,1,funneled,True,param
344,68,2,resize,0.5,param
345,68,3,min_faces_per_person,0,param
346,68,4,color,False,param
347,68,5,slice_,(slice(70,param
348,68,6,195,UNDEF,param
349,68,7,None),UNDEF,param
350,68,8,slice(78,UNDEF,param
351,68,9,172,UNDEF,param
352,68,10,None)),UNDEF,param
353,68,11,download_if_missing,True,param
354,68,12,return_X_y,False,param
355,69,0,data_home,None,param
356,69,1,shuffle,False,param
357,69,2,random_state,0,param
358,69,3,download_if_missing,True,param
359,70,0,name,None,param
360,70,1,version,’active’,param
361,70,2,data_id,None,param
362,70,3,data_home,None,param
363,70,4,target_column,’default-target’,param
364,70,5,cache,True,param
365,70,6,return_X_y,False,param
366,71,0,data_home,None,param
367,71,1,subset,’all’,param
368,71,2,download_if_missing,True,param
369,71,3,random_state,None,param
370,71,4,shuffle,False,param
371,71,5,return_X_y,False,param
372,72,0,data_home,None,param
373,72,1,download_if_missing,True,param
374,73,0,data_home,None,param
375,74,0,return_X_y,False,param
376,75,0,return_X_y,False,param
377,76,0,return_X_y,False,param
378,77,0,n_class,10,param
379,77,1,return_X_y,False,param
380,78,0,container_path,UNDEF,param
381,78,1,description,None,param
382,78,2,categories,None,param
383,78,3,load_content,True,param
384,78,4,shuffle,True,param
385,78,5,encoding,None,param
386,78,6,decode_error,’strict’,param
387,78,7,random_state,0,param
388,79,0,return_X_y,False,param
389,80,0,return_X_y,False,param
390,81,0,image_name,UNDEF,param
391,83,0,f,UNDEF,param
392,83,1,n_features,None,param
393,83,2,dtype,<class ‘numpy.float64’>,param
394,83,3,multilabel,False,param
395,83,4,zero_based,’auto’,param
396,83,5,query_id,False,param
397,83,6,offset,0,param
398,83,7,length,-1,param
399,84,0,files,UNDEF,param
400,84,1,n_features,None,param
401,84,2,dtype,<class ‘numpy.float64’>,param
402,84,3,multilabel,False,param
403,84,4,zero_based,’auto’,param
404,84,5,query_id,False,param
405,84,6,offset,0,param
406,84,7,length,-1,param
407,85,0,return_X_y,False,param
408,86,0,shape,UNDEF,param
409,86,1,n_clusters,UNDEF,param
410,86,2,noise,0,param
411,86,3,minval,10,param
412,86,4,maxval,100,param
413,86,5,shuffle,True,param
414,86,6,random_state,None,param
415,87,0,n_samples,100,param
416,87,1,n_features,2,param
417,87,2,centers,None,param
418,87,3,cluster_std,1,param
419,87,4,center_box,(-10.0,param
420,87,5,10.0),UNDEF,param
421,87,6,shuffle,True,param
422,87,7,random_state,None,param
423,88,0,shape,UNDEF,param
424,88,1,n_clusters,UNDEF,param
425,88,2,noise,0,param
426,88,3,minval,10,param
427,88,4,maxval,100,param
428,88,5,shuffle,True,param
429,88,6,random_state,None,param
430,89,0,n_samples,100,param
431,89,1,shuffle,True,param
432,89,2,noise,None,param
433,89,3,random_state,None,param
434,89,4,factor,0.8,param
435,90,0,n_samples,100,param
436,90,1,n_features,20,param
437,90,2,n_informative,2,param
438,90,3,n_redundant,2,param
439,90,4,n_repeated,0,param
440,90,5,n_classes,2,param
441,90,6,n_clusters_per_class,2,param
442,90,7,weights,None,param
443,90,8,flip_y,0.01,param
444,90,9,class_sep,1,param
445,90,10,hypercube,True,param
446,90,11,shift,0,param
447,90,12,scale,1,param
448,90,13,shuffle,True,param
449,90,14,random_state,None,param
450,91,0,n_samples,100,param
451,91,1,n_features,10,param
452,91,2,noise,0,param
453,91,3,random_state,None,param
454,92,0,n_samples,100,param
455,92,1,noise,0,param
456,92,2,random_state,None,param
457,93,0,n_samples,100,param
458,93,1,noise,0,param
459,93,2,random_state,None,param
460,94,0,mean,None,param
461,94,1,cov,1,param
462,94,2,n_samples,100,param
463,94,3,n_features,2,param
464,94,4,n_classes,3,param
465,94,5,shuffle,True,param
466,94,6,random_state,None,param
467,95,0,n_samples,12000,param
468,95,1,random_state,None,param
469,96,0,n_samples,100,param
470,96,1,n_features,100,param
471,96,2,effective_rank,10,param
472,96,3,tail_strength,0.5,param
473,96,4,random_state,None,param
474,97,0,n_samples,100,param
475,97,1,shuffle,True,param
476,97,2,noise,None,param
477,97,3,random_state,None,param
478,98,0,n_samples,100,param
479,98,1,n_features,20,param
480,98,2,n_classes,5,param
481,98,3,n_labels,2,param
482,98,4,length,50,param
483,98,5,allow_unlabeled,True,param
484,98,6,sparse,False,param
485,98,7,return_indicator,’dense’,param
486,98,8,return_distributions,False,param
487,98,9,random_state,None,param
488,99,0,n_samples,100,param
489,99,1,n_features,100,param
490,99,2,n_informative,10,param
491,99,3,n_targets,1,param
492,99,4,bias,0,param
493,99,5,effective_rank,None,param
494,99,6,tail_strength,0.5,param
495,99,7,noise,0,param
496,99,8,shuffle,True,param
497,99,9,coef,False,param
498,99,10,random_state,None,param
499,100,0,n_samples,100,param
500,100,1,noise,0,param
501,100,2,random_state,None,param
502,101,0,n_samples,UNDEF,param
503,101,1,n_components,UNDEF,param
504,101,2,n_features,UNDEF,param
505,101,3,n_nonzero_coefs,UNDEF,param
506,101,4,random_state,None,param
507,102,0,dim,1,param
508,102,1,alpha,0.95,param
509,102,2,norm_diag,False,param
510,102,3,smallest_coef,0.1,param
511,102,4,largest_coef,0.9,param
512,102,5,random_state,None,param
513,103,0,n_samples,100,param
514,103,1,n_features,10,param
515,103,2,random_state,None,param
516,104,0,n_dim,UNDEF,param
517,104,1,random_state,None,param
518,105,0,n_samples,100,param
519,105,1,noise,0,param
520,105,2,random_state,None,param
521,106,0,n_components,None,param
522,106,1,alpha,1,param
523,106,2,max_iter,1000,param
524,106,3,tol,1E-08,param
525,106,4,fit_algorithm,’lars’,param
526,106,5,transform_algorithm,’omp’,param
527,106,6,transform_n_nonzero_coefs,None,param
528,106,7,transform_alpha,None,param
529,106,8,n_jobs,None,param
530,106,9,code_init,None,param
531,106,10,dict_init,None,param
532,106,11,verbose,False,param
533,106,12,split_sign,False,param
534,106,13,random_state,None,param
535,106,14,positive_code,False,param
536,106,15,positive_dict,False,param
537,107,0,n_components,None,param
538,107,1,tol,0.01,param
539,107,2,copy,True,param
540,107,3,max_iter,1000,param
541,107,4,noise_variance_init,None,param
542,107,5,svd_method,’randomized’,param
543,107,6,iterated_power,3,param
544,107,7,random_state,0,param
545,108,0,n_components,None,param
546,108,1,algorithm,’parallel’,param
547,108,2,whiten,True,param
548,108,3,fun,’logcosh’,param
549,108,4,fun_args,None,param
550,108,5,max_iter,200,param
551,108,6,tol,0.0001,param
552,108,7,w_init,None,param
553,108,8,random_state,None,param
554,109,0,n_components,None,param
555,109,1,whiten,False,param
556,109,2,copy,True,param
557,109,3,batch_size,None,param
558,110,0,n_components,None,param
559,110,1,kernel,’linear’,param
560,110,2,gamma,None,param
561,110,3,degree,3,param
562,110,4,coef0,1,param
563,110,5,kernel_params,None,param
564,110,6,alpha,1,param
565,110,7,fit_inverse_transform,False,param
566,110,8,eigen_solver,’auto’,param
567,110,9,tol,0,param
568,110,10,max_iter,None,param
569,110,11,remove_zero_eig,False,param
570,110,12,random_state,None,param
571,110,13,copy_X,True,param
572,110,14,n_jobs,None,param
573,111,0,n_components,10,param
574,111,1,doc_topic_prior,None,param
575,111,2,topic_word_prior,None,param
576,111,3,learning_method,’batch’,param
577,111,4,learning_decay,0.7,param
578,111,5,learning_offset,10,param
579,111,6,max_iter,10,param
580,111,7,batch_size,128,param
581,111,8,evaluate_every,-1,param
582,111,9,total_samples,1000000,param
583,111,10,perp_tol,0.1,param
584,111,11,mean_change_tol,0.001,param
585,111,12,max_doc_update_iter,100,param
586,111,13,n_jobs,None,param
587,111,14,verbose,0,param
588,111,15,random_state,None,param
589,112,0,n_components,None,param
590,112,1,alpha,1,param
591,112,2,n_iter,1000,param
592,112,3,fit_algorithm,’lars’,param
593,112,4,n_jobs,None,param
594,112,5,batch_size,3,param
595,112,6,shuffle,True,param
596,112,7,dict_init,None,param
597,112,8,transform_algorithm,’omp’,param
598,112,9,transform_n_nonzero_coefs,None,param
599,112,10,transform_alpha,None,param
600,112,11,verbose,False,param
601,112,12,split_sign,False,param
602,112,13,random_state,None,param
603,112,14,positive_code,False,param
604,112,15,positive_dict,False,param
605,113,0,n_components,None,param
606,113,1,alpha,1,param
607,113,2,ridge_alpha,0.01,param
608,113,3,n_iter,100,param
609,113,4,callback,None,param
610,113,5,batch_size,3,param
611,113,6,verbose,False,param
612,113,7,shuffle,True,param
613,113,8,n_jobs,None,param
614,113,9,method,’lars’,param
615,113,10,random_state,None,param
616,113,11,normalize_components,False,param
617,114,0,n_components,None,param
618,114,1,init,None,param
619,114,2,solver,’cd’,param
620,114,3,beta_loss,’frobenius’,param
621,114,4,tol,0.0001,param
622,114,5,max_iter,200,param
623,114,6,random_state,None,param
624,114,7,alpha,0,param
625,114,8,l1_ratio,0,param
626,114,9,verbose,0,param
627,114,10,shuffle,False,param
628,115,0,n_components,None,param
629,115,1,copy,True,param
630,115,2,whiten,False,param
631,115,3,svd_solver,’auto’,param
632,115,4,tol,0,param
633,115,5,iterated_power,’auto’,param
634,115,6,random_state,None,param
635,116,0,n_components,None,param
636,116,1,alpha,1,param
637,116,2,ridge_alpha,0.01,param
638,116,3,max_iter,1000,param
639,116,4,tol,1E-08,param
640,116,5,method,’lars’,param
641,116,6,n_jobs,None,param
642,116,7,U_init,None,param
643,116,8,V_init,None,param
644,116,9,verbose,False,param
645,116,10,random_state,None,param
646,116,11,normalize_components,False,param
647,117,0,dictionary,UNDEF,param
648,117,1,transform_algorithm,’omp’,param
649,117,2,transform_n_nonzero_coefs,None,param
650,117,3,transform_alpha,None,param
651,117,4,split_sign,False,param
652,117,5,n_jobs,None,param
653,117,6,positive_code,False,param
654,118,0,n_components,2,param
655,118,1,algorithm,’randomized’,param
656,118,2,n_iter,5,param
657,118,3,random_state,None,param
658,118,4,tol,0,param
659,119,0,X,UNDEF,param
660,119,1,n_components,UNDEF,param
661,119,2,alpha,UNDEF,param
662,119,3,max_iter,100,param
663,119,4,tol,1E-08,param
664,119,5,method,’lars’,param
665,119,6,n_jobs,None,param
666,119,7,dict_init,None,param
667,119,8,code_init,None,param
668,119,9,callback,None,param
669,119,10,verbose,False,param
670,119,11,random_state,None,param
671,119,12,return_n_iter,False,param
672,119,13,positive_dict,False,param
673,119,14,positive_code,False,param
674,120,0,X,UNDEF,param
675,120,1,n_components,2,param
676,120,2,alpha,1,param
677,120,3,n_iter,100,param
678,120,4,return_code,True,param
679,120,5,dict_init,None,param
680,120,6,callback,None,param
681,120,7,batch_size,3,param
682,120,8,verbose,False,param
683,120,9,shuffle,True,param
684,120,10,n_jobs,None,param
685,120,11,method,’lars’,param
686,120,12,iter_offset,0,param
687,120,13,random_state,None,param
688,120,14,return_inner_stats,False,param
689,120,15,inner_stats,None,param
690,120,16,return_n_iter,False,param
691,120,17,positive_dict,False,param
692,120,18,positive_code,False,param
693,121,0,X,UNDEF,param
694,121,1,n_components,None,param
695,121,2,algorithm,’parallel’,param
696,121,3,whiten,True,param
697,121,4,fun,’logcosh’,param
698,121,5,fun_args,None,param
699,121,6,max_iter,200,param
700,121,7,tol,0.0001,param
701,121,8,w_init,None,param
702,121,9,random_state,None,param
703,121,10,return_X_mean,False,param
704,121,11,compute_sources,True,param
705,121,12,return_n_iter,False,param
706,122,0,X,UNDEF,param
707,122,1,W,None,param
708,122,2,H,None,param
709,122,3,n_components,None,param
710,122,4,init,’warn’,param
711,122,5,update_H,True,param
712,122,6,solver,’cd’,param
713,122,7,beta_loss,’frobenius’,param
714,122,8,tol,0.0001,param
715,122,9,max_iter,200,param
716,122,10,alpha,0,param
717,122,11,l1_ratio,0,param
718,122,12,regularization,None,param
719,122,13,random_state,None,param
720,122,14,verbose,0,param
721,122,15,shuffle,False,param
722,123,0,X,UNDEF,param
723,123,1,dictionary,UNDEF,param
724,123,2,gram,None,param
725,123,3,cov,None,param
726,123,4,algorithm,’lasso_lars’,param
727,123,5,n_nonzero_coefs,None,param
728,123,6,alpha,None,param
729,123,7,copy_cov,True,param
730,123,8,init,None,param
731,123,9,max_iter,1000,param
732,123,10,n_jobs,None,param
733,123,11,check_input,True,param
734,123,12,verbose,0,param
735,123,13,positive,False,param
736,124,0,solver,’svd’,param
737,124,1,shrinkage,None,param
738,124,2,priors,None,param
739,124,3,n_components,None,param
740,124,4,store_covariance,False,param
741,124,5,tol,0.0001,param
742,125,0,priors,None,param
743,125,1,reg_param,0,param
744,125,2,store_covariance,False,param
745,125,3,tol,0.0001,param
746,126,0,strategy,’stratified’,param
747,126,1,random_state,None,param
748,126,2,constant,None,param
749,127,0,strategy,’mean’,param
750,127,1,constant,None,param
751,127,2,quantile,None,param
752,128,0,base_estimator,None,param
753,128,1,n_estimators,50,param
754,128,2,learning_rate,1,param
755,128,3,algorithm,’SAMME.R’,param
756,128,4,random_state,None,param
757,129,0,base_estimator,None,param
758,129,1,n_estimators,50,param
759,129,2,learning_rate,1,param
760,129,3,loss,’linear’,param
761,129,4,random_state,None,param
762,130,0,base_estimator,None,param
763,130,1,n_estimators,10,param
764,130,2,max_samples,1,param
765,130,3,max_features,1,param
766,130,4,bootstrap,True,param
767,130,5,bootstrap_features,False,param
768,130,6,oob_score,False,param
769,130,7,warm_start,False,param
770,130,8,n_jobs,None,param
771,130,9,random_state,None,param
772,130,10,verbose,0,param
773,131,0,base_estimator,None,param
774,131,1,n_estimators,10,param
775,131,2,max_samples,1,param
776,131,3,max_features,1,param
777,131,4,bootstrap,True,param
778,131,5,bootstrap_features,False,param
779,131,6,oob_score,False,param
780,131,7,warm_start,False,param
781,131,8,n_jobs,None,param
782,131,9,random_state,None,param
783,131,10,verbose,0,param
784,132,0,n_estimators,’warn’,param
785,132,1,criterion,’gini’,param
786,132,2,max_depth,None,param
787,132,3,min_samples_split,2,param
788,132,4,min_samples_leaf,1,param
789,132,5,min_weight_fraction_leaf,0,param
790,132,6,max_features,’auto’,param
791,132,7,max_leaf_nodes,None,param
792,132,8,min_impurity_decrease,0,param
793,132,9,min_impurity_split,None,param
794,132,10,bootstrap,False,param
795,132,11,oob_score,False,param
796,132,12,n_jobs,None,param
797,132,13,random_state,None,param
798,132,14,verbose,0,param
799,132,15,warm_start,False,param
800,132,16,class_weight,None,param
801,133,0,n_estimators,’warn’,param
802,133,1,criterion,’mse’,param
803,133,2,max_depth,None,param
804,133,3,min_samples_split,2,param
805,133,4,min_samples_leaf,1,param
806,133,5,min_weight_fraction_leaf,0,param
807,133,6,max_features,’auto’,param
808,133,7,max_leaf_nodes,None,param
809,133,8,min_impurity_decrease,0,param
810,133,9,min_impurity_split,None,param
811,133,10,bootstrap,False,param
812,133,11,oob_score,False,param
813,133,12,n_jobs,None,param
814,133,13,random_state,None,param
815,133,14,verbose,0,param
816,133,15,warm_start,False,param
817,134,0,loss,’deviance’,param
818,134,1,learning_rate,0.1,param
819,134,2,n_estimators,100,param
820,134,3,subsample,1,param
821,134,4,criterion,’friedman_mse’,param
822,134,5,min_samples_split,2,param
823,134,6,min_samples_leaf,1,param
824,134,7,min_weight_fraction_leaf,0,param
825,134,8,max_depth,3,param
826,134,9,min_impurity_decrease,0,param
827,134,10,min_impurity_split,None,param
828,134,11,init,None,param
829,134,12,random_state,None,param
830,134,13,max_features,None,param
831,134,14,verbose,0,param
832,134,15,max_leaf_nodes,None,param
833,134,16,warm_start,False,param
834,134,17,presort,’auto’,param
835,134,18,validation_fraction,0.1,param
836,134,19,n_iter_no_change,None,param
837,134,20,tol,0.0001,param
838,135,0,loss,’ls’,param
839,135,1,learning_rate,0.1,param
840,135,2,n_estimators,100,param
841,135,3,subsample,1,param
842,135,4,criterion,’friedman_mse’,param
843,135,5,min_samples_split,2,param
844,135,6,min_samples_leaf,1,param
845,135,7,min_weight_fraction_leaf,0,param
846,135,8,max_depth,3,param
847,135,9,min_impurity_decrease,0,param
848,135,10,min_impurity_split,None,param
849,135,11,init,None,param
850,135,12,random_state,None,param
851,135,13,max_features,None,param
852,135,14,alpha,0.9,param
853,135,15,verbose,0,param
854,135,16,max_leaf_nodes,None,param
855,135,17,warm_start,False,param
856,135,18,presort,’auto’,param
857,135,19,validation_fraction,0.1,param
858,135,20,n_iter_no_change,None,param
859,135,21,tol,0.0001,param
860,136,0,n_estimators,100,param
861,136,1,max_samples,’auto’,param
862,136,2,contamination,’legacy’,param
863,136,3,max_features,1,param
864,136,4,bootstrap,False,param
865,136,5,n_jobs,None,param
866,136,6,behaviour,’old’,param
867,136,7,random_state,None,param
868,136,8,verbose,0,param
869,136,9,warm_start,False,param
870,137,0,n_estimators,’warn’,param
871,137,1,criterion,’gini’,param
872,137,2,max_depth,None,param
873,137,3,min_samples_split,2,param
874,137,4,min_samples_leaf,1,param
875,137,5,min_weight_fraction_leaf,0,param
876,137,6,max_features,’auto’,param
877,137,7,max_leaf_nodes,None,param
878,137,8,min_impurity_decrease,0,param
879,137,9,min_impurity_split,None,param
880,137,10,bootstrap,True,param
881,137,11,oob_score,False,param
882,137,12,n_jobs,None,param
883,137,13,random_state,None,param
884,137,14,verbose,0,param
885,137,15,warm_start,False,param
886,137,16,class_weight,None,param
887,138,0,n_estimators,’warn’,param
888,138,1,criterion,’mse’,param
889,138,2,max_depth,None,param
890,138,3,min_samples_split,2,param
891,138,4,min_samples_leaf,1,param
892,138,5,min_weight_fraction_leaf,0,param
893,138,6,max_features,’auto’,param
894,138,7,max_leaf_nodes,None,param
895,138,8,min_impurity_decrease,0,param
896,138,9,min_impurity_split,None,param
897,138,10,bootstrap,True,param
898,138,11,oob_score,False,param
899,138,12,n_jobs,None,param
900,138,13,random_state,None,param
901,138,14,verbose,0,param
902,138,15,warm_start,False,param
903,139,0,n_estimators,’warn’,param
904,139,1,max_depth,5,param
905,139,2,min_samples_split,2,param
906,139,3,min_samples_leaf,1,param
907,139,4,min_weight_fraction_leaf,0,param
908,139,5,max_leaf_nodes,None,param
909,139,6,min_impurity_decrease,0,param
910,139,7,min_impurity_split,None,param
911,139,8,sparse_output,True,param
912,139,9,n_jobs,None,param
913,139,10,random_state,None,param
914,139,11,verbose,0,param
915,139,12,warm_start,False,param
916,140,0,estimators,UNDEF,param
917,140,1,voting,’hard’,param
918,140,2,weights,None,param
919,140,3,n_jobs,None,param
920,140,4,flatten_transform,True,param
921,141,0,estimators,UNDEF,param
922,141,1,weights,None,param
923,141,2,n_jobs,None,param
924,142,0,loss,’least_squares’,param
925,142,1,learning_rate,0.1,param
926,142,2,max_iter,100,param
927,142,3,max_leaf_nodes,31,param
928,142,4,max_depth,None,param
929,142,5,min_samples_leaf,20,param
930,142,6,l2_regularization,0,param
931,142,7,max_bins,256,param
932,142,8,scoring,None,param
933,142,9,validation_fraction,0.1,param
934,142,10,n_iter_no_change,None,param
935,142,11,tol,1E-07,param
936,142,12,verbose,0,param
937,142,13,random_state,None,param
938,143,0,loss,’auto’,param
939,143,1,learning_rate,0.1,param
940,143,2,max_iter,100,param
941,143,3,max_leaf_nodes,31,param
942,143,4,max_depth,None,param
943,143,5,min_samples_leaf,20,param
944,143,6,l2_regularization,0,param
945,143,7,max_bins,256,param
946,143,8,scoring,None,param
947,143,9,validation_fraction,0.1,param
948,143,10,n_iter_no_change,None,param
949,143,11,tol,1E-07,param
950,143,12,verbose,0,param
951,143,13,random_state,None,param
952,155,0,dtype,<class ‘numpy.float64’>,param
953,155,1,separator,UNDEF,param
954,155,2,sparse,True,param
955,155,3,sort,True,param
956,156,0,n_features,1048576,param
957,156,1,input_type,’dict’,param
958,156,2,dtype,<class ‘numpy.float64’>,param
959,156,3,alternate_sign,True,param
960,157,0,image,UNDEF,param
961,157,1,patch_size,UNDEF,param
962,157,2,max_patches,None,param
963,157,3,random_state,None,param
964,158,0,n_x,UNDEF,param
965,158,1,n_y,UNDEF,param
966,158,2,n_z,1,param
967,158,3,mask,None,param
968,158,4,return_as,<class ‘scipy.sparse.coo.coo_matrix’>,param
969,158,5,dtype,<class ‘int’>,param
970,159,0,img,UNDEF,param
971,159,1,mask,None,param
972,159,2,return_as,<class ‘scipy.sparse.coo.coo_matrix’>,param
973,159,3,dtype,None,param
974,160,0,patches,UNDEF,param
975,160,1,image_size,UNDEF,param
976,161,0,patch_size,None,param
977,161,1,max_patches,None,param
978,161,2,random_state,None,param
979,162,0,input,’content’,param
980,162,1,encoding,’utf-8’,param
981,162,2,decode_error,’strict’,param
982,162,3,strip_accents,None,param
983,162,4,lowercase,True,param
984,162,5,preprocessor,None,param
985,162,6,tokenizer,None,param
986,162,7,stop_words,None,param
987,162,8,token_pattern,’(?u)\b\w\w+\b’,param
988,162,9,ngram_range,(1,param
989,162,10,1),UNDEF,param
990,162,11,analyzer,’word’,param
991,162,12,max_df,1,param
992,162,13,min_df,1,param
993,162,14,max_features,None,param
994,162,15,vocabulary,None,param
995,162,16,binary,False,param
996,162,17,dtype,<class ‘numpy.int64’>,param
997,163,0,input,’content’,param
998,163,1,encoding,’utf-8’,param
999,163,2,decode_error,’strict’,param
1000,163,3,strip_accents,None,param
1001,163,4,lowercase,True,param
1002,163,5,preprocessor,None,param
1003,163,6,tokenizer,None,param
1004,163,7,stop_words,None,param
1005,163,8,token_pattern,’(?u)\b\w\w+\b’,param
1006,163,9,ngram_range,(1,param
1007,163,10,1),UNDEF,param
1008,163,11,analyzer,’word’,param
1009,163,12,n_features,1048576,param
1010,163,13,binary,False,param
1011,163,14,norm,’l2’,param
1012,163,15,alternate_sign,True,param
1013,163,16,dtype,<class ‘numpy.float64’>,param
1014,164,0,norm,’l2’,param
1015,164,1,use_idf,True,param
1016,164,2,smooth_idf,True,param
1017,164,3,sublinear_tf,False,param
1018,165,0,input,’content’,param
1019,165,1,encoding,’utf-8’,param
1020,165,2,decode_error,’strict’,param
1021,165,3,strip_accents,None,param
1022,165,4,lowercase,True,param
1023,165,5,preprocessor,None,param
1024,165,6,tokenizer,None,param
1025,165,7,analyzer,’word’,param
1026,165,8,stop_words,None,param
1027,165,9,token_pattern,’(?u)\b\w\w+\b’,param
1028,165,10,ngram_range,(1,param
1029,165,11,1),UNDEF,param
1030,165,12,max_df,1,param
1031,165,13,min_df,1,param
1032,165,14,max_features,None,param
1033,165,15,vocabulary,None,param
1034,165,16,binary,False,param
1035,165,17,dtype,<class ‘numpy.float64’>,param
1036,165,18,norm,’l2’,param
1037,165,19,use_idf,True,param
1038,165,20,smooth_idf,True,param
1039,165,21,sublinear_tf,False,param
1040,166,0,score_func,<function f_classif>,param
1041,166,1,mode,’percentile’,param
1042,166,2,param,1E-05,param
1043,167,0,score_func,<function f_classif>,param
1044,167,1,percentile,10,param
1045,168,0,score_func,<function f_classif>,param
1046,168,1,k,10,param
1047,169,0,score_func,<function f_classif>,param
1048,169,1,alpha,0.05,param
1049,170,0,score_func,<function f_classif>,param
1050,170,1,alpha,0.05,param
1051,171,0,estimator,UNDEF,param
1052,171,1,threshold,None,param
1053,171,2,prefit,False,param
1054,171,3,norm_order,1,param
1055,171,4,max_features,None,param
1056,172,0,score_func,<function f_classif>,param
1057,172,1,alpha,0.05,param
1058,173,0,estimator,UNDEF,param
1059,173,1,n_features_to_select,None,param
1060,173,2,step,1,param
1061,173,3,verbose,0,param
1062,174,0,estimator,UNDEF,param
1063,174,1,step,1,param
1064,174,2,min_features_to_select,1,param
1065,174,3,cv,’warn’,param
1066,174,4,scoring,None,param
1067,174,5,verbose,0,param
1068,174,6,n_jobs,None,param
1069,175,0,threshold,0,param
1070,176,0,X,UNDEF,param
1071,176,1,y,UNDEF,param
1072,177,0,X,UNDEF,param
1073,177,1,y,UNDEF,param
1074,178,0,X,UNDEF,param
1075,178,1,y,UNDEF,param
1076,178,2,center,True,param
1077,179,0,X,UNDEF,param
1078,179,1,y,UNDEF,param
1079,179,2,discrete_features,’auto’,param
1080,179,3,n_neighbors,3,param
1081,179,4,copy,True,param
1082,179,5,random_state,None,param
1083,180,0,X,UNDEF,param
1084,180,1,y,UNDEF,param
1085,180,2,discrete_features,’auto’,param
1086,180,3,n_neighbors,3,param
1087,180,4,copy,True,param
1088,180,5,random_state,None,param
1089,181,0,kernel,None,param
1090,181,1,optimizer,’fmin_l_bfgs_b’,param
1091,181,2,n_restarts_optimizer,0,param
1092,181,3,max_iter_predict,100,param
1093,181,4,warm_start,False,param
1094,181,5,copy_X_train,True,param
1095,181,6,random_state,None,param
1096,181,7,multi_class,’one_vs_rest’,param
1097,181,8,n_jobs,None,param
1098,182,0,kernel,None,param
1099,182,1,alpha,1E-10,param
1100,182,2,optimizer,’fmin_l_bfgs_b’,param
1101,182,3,n_restarts_optimizer,0,param
1102,182,4,normalize_y,False,param
1103,182,5,copy_X_train,True,param
1104,182,6,random_state,None,param
1105,183,0,kernels,UNDEF,param
1106,184,0,constant_value,1,param
1107,184,1,constant_value_bounds,(1e-05,param
1108,184,2,100000.0),UNDEF,param
1109,185,0,sigma_0,1,param
1110,185,1,sigma_0_bounds,(1e-05,param
1111,185,2,100000.0),UNDEF,param
1112,186,0,length_scale,1,param
1113,186,1,periodicity,1,param
1114,186,2,length_scale_bounds,(1e-05,param
1115,186,3,100000.0),UNDEF,param
1116,186,4,periodicity_bounds,(1e-05,param
1117,186,5,100000.0),UNDEF,param
1118,187,0,kernel,UNDEF,param
1119,187,1,exponent,UNDEF,param
1120,190,0,length_scale,1,param
1121,190,1,length_scale_bounds,(1e-05,param
1122,190,2,100000.0),UNDEF,param
1123,190,3,nu,1.5,param
1124,191,0,gamma,1,param
1125,191,1,gamma_bounds,(1e-05,param
1126,191,2,100000.0),UNDEF,param
1127,191,3,metric,’linear’,param
1128,191,4,pairwise_kernels_kwargs,None,param
1129,192,0,k1,UNDEF,param
1130,192,1,k2,UNDEF,param
1131,193,0,length_scale,1,param
1132,193,1,length_scale_bounds,(1e-05,param
1133,193,2,100000.0),UNDEF,param
1134,194,0,length_scale,1,param
1135,194,1,alpha,1,param
1136,194,2,length_scale_bounds,(1e-05,param
1137,194,3,100000.0),UNDEF,param
1138,194,4,alpha_bounds,(1e-05,param
1139,194,5,100000.0),UNDEF,param
1140,195,0,k1,UNDEF,param
1141,195,1,k2,UNDEF,param
1142,196,0,noise_level,1,param
1143,196,1,noise_level_bounds,(1e-05,param
1144,196,2,100000.0),UNDEF,param
1145,197,0,y_min,None,param
1146,197,1,y_max,None,param
1147,197,2,increasing,True,param
1148,197,3,out_of_bounds,’nan’,param
1149,198,0,x,UNDEF,param
1150,198,1,y,UNDEF,param
1151,199,0,y,UNDEF,param
1152,199,1,sample_weight,None,param
1153,199,2,y_min,None,param
1154,199,3,y_max,None,param
1155,199,4,increasing,True,param
1156,200,0,missing_values,nan,param
1157,200,1,strategy,’mean’,param
1158,200,2,fill_value,None,param
1159,200,3,verbose,0,param
1160,200,4,copy,True,param
1161,200,5,add_indicator,False,param
1162,201,0,estimator,None,param
1163,201,1,missing_values,nan,param
1164,201,2,sample_posterior,False,param
1165,201,3,max_iter,10,param
1166,201,4,tol,0.001,param
1167,201,5,n_nearest_features,None,param
1168,201,6,initial_strategy,’mean’,param
1169,201,7,imputation_order,’ascending’,param
1170,201,8,min_value,None,param
1171,201,9,max_value,None,param
1172,201,10,verbose,0,param
1173,201,11,random_state,None,param
1174,201,12,add_indicator,False,param
1175,202,0,missing_values,nan,param
1176,202,1,features,’missing-only’,param
1177,202,2,sparse,’auto’,param
1178,202,3,error_on_new,True,param
1179,203,0,sample_steps,2,param
1180,203,1,sample_interval,None,param
1181,204,0,kernel,’rbf’,param
1182,204,1,gamma,None,param
1183,204,2,coef0,None,param
1184,204,3,degree,None,param
1185,204,4,kernel_params,None,param
1186,204,5,n_components,100,param
1187,204,6,random_state,None,param
1188,205,0,gamma,1,param
1189,205,1,n_components,100,param
1190,205,2,random_state,None,param
1191,206,0,skewedness,1,param
1192,206,1,n_components,100,param
1193,206,2,random_state,None,param
1194,207,0,alpha,1,param
1195,207,1,kernel,’linear’,param
1196,207,2,gamma,None,param
1197,207,3,degree,3,param
1198,207,4,coef0,1,param
1199,207,5,kernel_params,None,param
1200,208,0,n_iter,300,param
1201,208,1,tol,0.001,param
1202,208,2,alpha_1,1E-06,param
1203,208,3,alpha_2,1E-06,param
1204,208,4,lambda_1,1E-06,param
1205,208,5,lambda_2,1E-06,param
1206,208,6,compute_score,False,param
1207,208,7,threshold_lambda,10000,param
1208,208,8,fit_intercept,True,param
1209,208,9,normalize,False,param
1210,208,10,copy_X,True,param
1211,208,11,verbose,False,param
1212,209,0,n_iter,300,param
1213,209,1,tol,0.001,param
1214,209,2,alpha_1,1E-06,param
1215,209,3,alpha_2,1E-06,param
1216,209,4,lambda_1,1E-06,param
1217,209,5,lambda_2,1E-06,param
1218,209,6,compute_score,False,param
1219,209,7,fit_intercept,True,param
1220,209,8,normalize,False,param
1221,209,9,copy_X,True,param
1222,209,10,verbose,False,param
1223,210,0,alpha,1,param
1224,210,1,l1_ratio,0.5,param
1225,210,2,fit_intercept,True,param
1226,210,3,normalize,False,param
1227,210,4,precompute,False,param
1228,210,5,max_iter,1000,param
1229,210,6,copy_X,True,param
1230,210,7,tol,0.0001,param
1231,210,8,warm_start,False,param
1232,210,9,positive,False,param
1233,210,10,random_state,None,param
1234,210,11,selection,’cyclic’,param
1235,211,0,l1_ratio,0.5,param
1236,211,1,eps,0.001,param
1237,211,2,n_alphas,100,param
1238,211,3,alphas,None,param
1239,211,4,fit_intercept,True,param
1240,211,5,normalize,False,param
1241,211,6,precompute,’auto’,param
1242,211,7,max_iter,1000,param
1243,211,8,tol,0.0001,param
1244,211,9,cv,’warn’,param
1245,211,10,copy_X,True,param
1246,211,11,verbose,0,param
1247,211,12,n_jobs,None,param
1248,211,13,positive,False,param
1249,211,14,random_state,None,param
1250,211,15,selection,’cyclic’,param
1251,212,0,epsilon,1.35,param
1252,212,1,max_iter,100,param
1253,212,2,alpha,0.0001,param
1254,212,3,warm_start,False,param
1255,212,4,fit_intercept,True,param
1256,212,5,tol,1E-05,param
1257,213,0,fit_intercept,True,param
1258,213,1,verbose,False,param
1259,213,2,normalize,True,param
1260,213,3,precompute,’auto’,param
1261,213,4,n_nonzero_coefs,500,param
1262,213,5,eps,2.22044604925031E-16,param
1263,213,6,copy_X,True,param
1264,213,7,fit_path,True,param
1265,213,8,positive,False,param
1266,214,0,fit_intercept,True,param
1267,214,1,verbose,False,param
1268,214,2,max_iter,500,param
1269,214,3,normalize,True,param
1270,214,4,precompute,’auto’,param
1271,214,5,cv,’warn’,param
1272,214,6,max_n_alphas,1000,param
1273,214,7,n_jobs,None,param
1274,214,8,eps,2.22044604925031E-16,param
1275,214,9,copy_X,True,param
1276,214,10,positive,False,param
1277,215,0,alpha,1,param
1278,215,1,fit_intercept,True,param
1279,215,2,normalize,False,param
1280,215,3,precompute,False,param
1281,215,4,copy_X,True,param
1282,215,5,max_iter,1000,param
1283,215,6,tol,0.0001,param
1284,215,7,warm_start,False,param
1285,215,8,positive,False,param
1286,215,9,random_state,None,param
1287,215,10,selection,’cyclic’,param
1288,216,0,eps,0.001,param
1289,216,1,n_alphas,100,param
1290,216,2,alphas,None,param
1291,216,3,fit_intercept,True,param
1292,216,4,normalize,False,param
1293,216,5,precompute,’auto’,param
1294,216,6,max_iter,1000,param
1295,216,7,tol,0.0001,param
1296,216,8,copy_X,True,param
1297,216,9,cv,’warn’,param
1298,216,10,verbose,False,param
1299,216,11,n_jobs,None,param
1300,216,12,positive,False,param
1301,216,13,random_state,None,param
1302,216,14,selection,’cyclic’,param
1303,217,0,alpha,1,param
1304,217,1,fit_intercept,True,param
1305,217,2,verbose,False,param
1306,217,3,normalize,True,param
1307,217,4,precompute,’auto’,param
1308,217,5,max_iter,500,param
1309,217,6,eps,2.22044604925031E-16,param
1310,217,7,copy_X,True,param
1311,217,8,fit_path,True,param
1312,217,9,positive,False,param
1313,218,0,fit_intercept,True,param
1314,218,1,verbose,False,param
1315,218,2,max_iter,500,param
1316,218,3,normalize,True,param
1317,218,4,precompute,’auto’,param
1318,218,5,cv,’warn’,param
1319,218,6,max_n_alphas,1000,param
1320,218,7,n_jobs,None,param
1321,218,8,eps,2.22044604925031E-16,param
1322,218,9,copy_X,True,param
1323,218,10,positive,False,param
1324,219,0,criterion,’aic’,param
1325,219,1,fit_intercept,True,param
1326,219,2,verbose,False,param
1327,219,3,normalize,True,param
1328,219,4,precompute,’auto’,param
1329,219,5,max_iter,500,param
1330,219,6,eps,2.22044604925031E-16,param
1331,219,7,copy_X,True,param
1332,219,8,positive,False,param
1333,220,0,fit_intercept,True,param
1334,220,1,normalize,False,param
1335,220,2,copy_X,True,param
1336,220,3,n_jobs,None,param
1337,221,0,penalty,’l2’,param
1338,221,1,dual,False,param
1339,221,2,tol,0.0001,param
1340,221,3,C,1,param
1341,221,4,fit_intercept,True,param
1342,221,5,intercept_scaling,1,param
1343,221,6,class_weight,None,param
1344,221,7,random_state,None,param
1345,221,8,solver,’warn’,param
1346,221,9,max_iter,100,param
1347,221,10,multi_class,’warn’,param
1348,221,11,verbose,0,param
1349,221,12,warm_start,False,param
1350,221,13,n_jobs,None,param
1351,221,14,l1_ratio,None,param
1352,222,0,Cs,10,param
1353,222,1,fit_intercept,True,param
1354,222,2,cv,’warn’,param
1355,222,3,dual,False,param
1356,222,4,penalty,’l2’,param
1357,222,5,scoring,None,param
1358,222,6,solver,’lbfgs’,param
1359,222,7,tol,0.0001,param
1360,222,8,max_iter,100,param
1361,222,9,class_weight,None,param
1362,222,10,n_jobs,None,param
1363,222,11,verbose,0,param
1364,222,12,refit,True,param
1365,222,13,intercept_scaling,1,param
1366,222,14,multi_class,’warn’,param
1367,222,15,random_state,None,param
1368,222,16,l1_ratios,None,param
1369,223,0,alpha,1,param
1370,223,1,fit_intercept,True,param
1371,223,2,normalize,False,param
1372,223,3,copy_X,True,param
1373,223,4,max_iter,1000,param
1374,223,5,tol,0.0001,param
1375,223,6,warm_start,False,param
1376,223,7,random_state,None,param
1377,223,8,selection,’cyclic’,param
1378,224,0,alpha,1,param
1379,224,1,l1_ratio,0.5,param
1380,224,2,fit_intercept,True,param
1381,224,3,normalize,False,param
1382,224,4,copy_X,True,param
1383,224,5,max_iter,1000,param
1384,224,6,tol,0.0001,param
1385,224,7,warm_start,False,param
1386,224,8,random_state,None,param
1387,224,9,selection,’cyclic’,param
1388,225,0,eps,0.001,param
1389,225,1,n_alphas,100,param
1390,225,2,alphas,None,param
1391,225,3,fit_intercept,True,param
1392,225,4,normalize,False,param
1393,225,5,max_iter,1000,param
1394,225,6,tol,0.0001,param
1395,225,7,copy_X,True,param
1396,225,8,cv,’warn’,param
1397,225,9,verbose,False,param
1398,225,10,n_jobs,None,param
1399,225,11,random_state,None,param
1400,225,12,selection,’cyclic’,param
1401,226,0,l1_ratio,0.5,param
1402,226,1,eps,0.001,param
1403,226,2,n_alphas,100,param
1404,226,3,alphas,None,param
1405,226,4,fit_intercept,True,param
1406,226,5,normalize,False,param
1407,226,6,max_iter,1000,param
1408,226,7,tol,0.0001,param
1409,226,8,cv,’warn’,param
1410,226,9,copy_X,True,param
1411,226,10,verbose,0,param
1412,226,11,n_jobs,None,param
1413,226,12,random_state,None,param
1414,226,13,selection,’cyclic’,param
1415,227,0,n_nonzero_coefs,None,param
1416,227,1,tol,None,param
1417,227,2,fit_intercept,True,param
1418,227,3,normalize,True,param
1419,227,4,precompute,’auto’,param
1420,228,0,copy,True,param
1421,228,1,fit_intercept,True,param
1422,228,2,normalize,True,param
1423,228,3,max_iter,None,param
1424,228,4,cv,’warn’,param
1425,228,5,n_jobs,None,param
1426,228,6,verbose,False,param
1427,229,0,C,1,param
1428,229,1,fit_intercept,True,param
1429,229,2,max_iter,1000,param
1430,229,3,tol,0.001,param
1431,229,4,early_stopping,False,param
1432,229,5,validation_fraction,0.1,param
1433,229,6,n_iter_no_change,5,param
1434,229,7,shuffle,True,param
1435,229,8,verbose,0,param
1436,229,9,loss,’hinge’,param
1437,229,10,n_jobs,None,param
1438,229,11,random_state,None,param
1439,229,12,warm_start,False,param
1440,229,13,class_weight,None,param
1441,229,14,average,False,param
1442,230,0,C,1,param
1443,230,1,fit_intercept,True,param
1444,230,2,max_iter,1000,param
1445,230,3,tol,0.001,param
1446,230,4,early_stopping,False,param
1447,230,5,validation_fraction,0.1,param
1448,230,6,n_iter_no_change,5,param
1449,230,7,shuffle,True,param
1450,230,8,verbose,0,param
1451,230,9,loss,’epsilon_insensitive’,param
1452,230,10,epsilon,0.1,param
1453,230,11,random_state,None,param
1454,230,12,warm_start,False,param
1455,230,13,average,False,param
1456,231,0,penalty,None,param
1457,231,1,alpha,0.0001,param
1458,231,2,fit_intercept,True,param
1459,231,3,max_iter,1000,param
1460,231,4,tol,0.001,param
1461,231,5,shuffle,True,param
1462,231,6,verbose,0,param
1463,231,7,eta0,1,param
1464,231,8,n_jobs,None,param
1465,231,9,random_state,0,param
1466,231,10,early_stopping,False,param
1467,231,11,validation_fraction,0.1,param
1468,231,12,n_iter_no_change,5,param
1469,231,13,class_weight,None,param
1470,231,14,warm_start,False,param
1471,232,0,base_estimator,None,param
1472,232,1,min_samples,None,param
1473,232,2,residual_threshold,None,param
1474,232,3,is_data_valid,None,param
1475,232,4,is_model_valid,None,param
1476,232,5,max_trials,100,param
1477,232,6,max_skips,inf,param
1478,232,7,stop_n_inliers,inf,param
1479,232,8,stop_score,inf,param
1480,232,9,stop_probability,0.99,param
1481,232,10,loss,’absolute_loss’,param
1482,232,11,random_state,None,param
1483,233,0,alpha,1,param
1484,233,1,fit_intercept,True,param
1485,233,2,normalize,False,param
1486,233,3,copy_X,True,param
1487,233,4,max_iter,None,param
1488,233,5,tol,0.001,param
1489,233,6,solver,’auto’,param
1490,233,7,random_state,None,param
1491,234,0,alpha,1,param
1492,234,1,fit_intercept,True,param
1493,234,2,normalize,False,param
1494,234,3,copy_X,True,param
1495,234,4,max_iter,None,param
1496,234,5,tol,0.001,param
1497,234,6,class_weight,None,param
1498,234,7,solver,’auto’,param
1499,234,8,random_state,None,param
1500,235,0,alphas,(0.1,param
1501,235,1,1,UNDEF,param
1502,235,2,10.0),UNDEF,param
1503,235,3,fit_intercept,True,param
1504,235,4,normalize,False,param
1505,235,5,scoring,None,param
1506,235,6,cv,None,param
1507,235,7,class_weight,None,param
1508,235,8,store_cv_values,False,param
1509,236,0,alphas,(0.1,param
1510,236,1,1,UNDEF,param
1511,236,2,10.0),UNDEF,param
1512,236,3,fit_intercept,True,param
1513,236,4,normalize,False,param
1514,236,5,scoring,None,param
1515,236,6,cv,None,param
1516,236,7,gcv_mode,None,param
1517,236,8,store_cv_values,False,param
1518,237,0,loss,’hinge’,param
1519,237,1,penalty,’l2’,param
1520,237,2,alpha,0.0001,param
1521,237,3,l1_ratio,0.15,param
1522,237,4,fit_intercept,True,param
1523,237,5,max_iter,1000,param
1524,237,6,tol,0.001,param
1525,237,7,shuffle,True,param
1526,237,8,verbose,0,param
1527,237,9,epsilon,0.1,param
1528,237,10,n_jobs,None,param
1529,237,11,random_state,None,param
1530,237,12,learning_rate,’optimal’,param
1531,237,13,eta0,0,param
1532,237,14,power_t,0.5,param
1533,237,15,early_stopping,False,param
1534,237,16,validation_fraction,0.1,param
1535,237,17,n_iter_no_change,5,param
1536,237,18,class_weight,None,param
1537,237,19,warm_start,False,param
1538,237,20,average,False,param
1539,238,0,loss,’squared_loss’,param
1540,238,1,penalty,’l2’,param
1541,238,2,alpha,0.0001,param
1542,238,3,l1_ratio,0.15,param
1543,238,4,fit_intercept,True,param
1544,238,5,max_iter,1000,param
1545,238,6,tol,0.001,param
1546,238,7,shuffle,True,param
1547,238,8,verbose,0,param
1548,238,9,epsilon,0.1,param
1549,238,10,random_state,None,param
1550,238,11,learning_rate,’invscaling’,param
1551,238,12,eta0,0.01,param
1552,238,13,power_t,0.25,param
1553,238,14,early_stopping,False,param
1554,238,15,validation_fraction,0.1,param
1555,238,16,n_iter_no_change,5,param
1556,238,17,warm_start,False,param
1557,238,18,average,False,param
1558,239,0,fit_intercept,True,param
1559,239,1,copy_X,True,param
1560,239,2,max_subpopulation,10000,param
1561,239,3,n_subsamples,None,param
1562,239,4,max_iter,300,param
1563,239,5,tol,0.001,param
1564,239,6,random_state,None,param
1565,239,7,n_jobs,None,param
1566,239,8,verbose,False,param
1567,240,0,X,UNDEF,param
1568,240,1,y,UNDEF,param
1569,240,2,l1_ratio,0.5,param
1570,240,3,eps,0.001,param
1571,240,4,n_alphas,100,param
1572,240,5,alphas,None,param
1573,240,6,precompute,’auto’,param
1574,240,7,Xy,None,param
1575,240,8,copy_X,True,param
1576,240,9,coef_init,None,param
1577,240,10,verbose,False,param
1578,240,11,return_n_iter,False,param
1579,240,12,positive,False,param
1580,240,13,check_input,True,param
1581,240,14,**params,UNDEF,param
1582,241,0,X,UNDEF,param
1583,241,1,y,UNDEF,param
1584,241,2,Xy,None,param
1585,241,3,Gram,None,param
1586,241,4,max_iter,500,param
1587,241,5,alpha_min,0,param
1588,241,6,method,’lar’,param
1589,241,7,copy_X,True,param
1590,241,8,eps,2.22044604925031E-16,param
1591,241,9,copy_Gram,True,param
1592,241,10,verbose,0,param
1593,241,11,return_path,True,param
1594,241,12,return_n_iter,False,param
1595,241,13,positive,False,param
1596,242,0,Xy,UNDEF,param
1597,242,1,Gram,UNDEF,param
1598,242,2,n_samples,UNDEF,param
1599,242,3,max_iter,500,param
1600,242,4,alpha_min,0,param
1601,242,5,method,’lar’,param
1602,242,6,copy_X,True,param
1603,242,7,eps,2.22044604925031E-16,param
1604,242,8,copy_Gram,True,param
1605,242,9,verbose,0,param
1606,242,10,return_path,True,param
1607,242,11,return_n_iter,False,param
1608,242,12,positive,False,param
1609,243,0,X,UNDEF,param
1610,243,1,y,UNDEF,param
1611,243,2,eps,0.001,param
1612,243,3,n_alphas,100,param
1613,243,4,alphas,None,param
1614,243,5,precompute,’auto’,param
1615,243,6,Xy,None,param
1616,243,7,copy_X,True,param
1617,243,8,coef_init,None,param
1618,243,9,verbose,False,param
1619,243,10,return_n_iter,False,param
1620,243,11,positive,False,param
1621,243,12,**params,UNDEF,param
1622,244,0,X,UNDEF,param
1623,244,1,y,UNDEF,param
1624,244,2,n_nonzero_coefs,None,param
1625,244,3,tol,None,param
1626,244,4,precompute,False,param
1627,244,5,copy_X,True,param
1628,244,6,return_path,False,param
1629,244,7,return_n_iter,False,param
1630,245,0,Gram,UNDEF,param
1631,245,1,Xy,UNDEF,param
1632,245,2,n_nonzero_coefs,None,param
1633,245,3,tol,None,param
1634,245,4,norms_squared,None,param
1635,245,5,copy_Gram,True,param
1636,245,6,copy_Xy,True,param
1637,245,7,return_path,False,param
1638,245,8,return_n_iter,False,param
1639,246,0,X,UNDEF,param
1640,246,1,y,UNDEF,param
1641,246,2,alpha,UNDEF,param
1642,246,3,sample_weight,None,param
1643,246,4,solver,’auto’,param
1644,246,5,max_iter,None,param
1645,246,6,tol,0.001,param
1646,246,7,verbose,0,param
1647,246,8,random_state,None,param
1648,246,9,return_n_iter,False,param
1649,246,10,return_intercept,False,param
1650,246,11,check_input,True,param
1651,247,0,n_neighbors,5,param
1652,247,1,n_components,2,param
1653,247,2,eigen_solver,’auto’,param
1654,247,3,tol,0,param
1655,247,4,max_iter,None,param
1656,247,5,path_method,’auto’,param
1657,247,6,neighbors_algorithm,’auto’,param
1658,247,7,n_jobs,None,param
1659,248,0,n_neighbors,5,param
1660,248,1,n_components,2,param
1661,248,2,reg,0.001,param
1662,248,3,eigen_solver,’auto’,param
1663,248,4,tol,1E-06,param
1664,248,5,max_iter,100,param
1665,248,6,method,’standard’,param
1666,248,7,hessian_tol,0.0001,param
1667,248,8,modified_tol,1E-12,param
1668,248,9,neighbors_algorithm,’auto’,param
1669,248,10,random_state,None,param
1670,248,11,n_jobs,None,param
1671,249,0,n_components,2,param
1672,249,1,metric,True,param
1673,249,2,n_init,4,param
1674,249,3,max_iter,300,param
1675,249,4,verbose,0,param
1676,249,5,eps,0.001,param
1677,249,6,n_jobs,None,param
1678,249,7,random_state,None,param
1679,249,8,dissimilarity,’euclidean’,param
1680,250,0,n_components,2,param
1681,250,1,affinity,’nearest_neighbors’,param
1682,250,2,gamma,None,param
1683,250,3,random_state,None,param
1684,250,4,eigen_solver,None,param
1685,250,5,n_neighbors,None,param
1686,250,6,n_jobs,None,param
1687,251,0,n_components,2,param
1688,251,1,perplexity,30,param
1689,251,2,early_exaggeration,12,param
1690,251,3,learning_rate,200,param
1691,251,4,n_iter,1000,param
1692,251,5,n_iter_without_progress,300,param
1693,251,6,min_grad_norm,1E-07,param
1694,251,7,metric,’euclidean’,param
1695,251,8,init,’random’,param
1696,251,9,verbose,0,param
1697,251,10,random_state,None,param
1698,251,11,method,’barnes_hut’,param
1699,251,12,angle,0.5,param
1700,252,0,X,UNDEF,param
1701,252,1,n_neighbors,UNDEF,param
1702,252,2,n_components,UNDEF,param
1703,252,3,reg,0.001,param
1704,252,4,eigen_solver,’auto’,param
1705,252,5,tol,1E-06,param
1706,252,6,max_iter,100,param
1707,252,7,method,’standard’,param
1708,252,8,hessian_tol,0.0001,param
1709,252,9,modified_tol,1E-12,param
1710,252,10,random_state,None,param
1711,252,11,n_jobs,None,param
1712,253,0,dissimilarities,UNDEF,param
1713,253,1,metric,True,param
1714,253,2,n_components,2,param
1715,253,3,init,None,param
1716,253,4,n_init,8,param
1717,253,5,n_jobs,None,param
1718,253,6,max_iter,300,param
1719,253,7,verbose,0,param
1720,253,8,eps,0.001,param
1721,253,9,random_state,None,param
1722,253,10,return_n_iter,False,param
1723,254,0,adjacency,UNDEF,param
1724,254,1,n_components,8,param
1725,254,2,eigen_solver,None,param
1726,254,3,random_state,None,param
1727,254,4,eigen_tol,0,param
1728,254,5,norm_laplacian,True,param
1729,254,6,drop_first,True,param
1730,255,0,estimator,UNDEF,param
1731,255,1,scoring,None,param
1732,255,2,allow_none,False,param
1733,256,0,scoring,UNDEF,param
1734,257,0,score_func,UNDEF,param
1735,257,1,greater_is_better,True,param
1736,257,2,needs_proba,False,param
1737,257,3,needs_threshold,False,param
1738,257,4,**kwargs,UNDEF,param
1739,258,0,y_true,UNDEF,param
1740,258,1,y_pred,UNDEF,param
1741,258,2,normalize,True,param
1742,258,3,sample_weight,None,param
1743,259,0,x,UNDEF,param
1744,259,1,y,UNDEF,param
1745,259,2,reorder,’deprecated’,param
1746,260,0,y_true,UNDEF,param
1747,260,1,y_score,UNDEF,param
1748,260,2,average,’macro’,param
1749,260,3,pos_label,1,param
1750,260,4,sample_weight,None,param
1751,261,0,y_true,UNDEF,param
1752,261,1,y_pred,UNDEF,param
1753,261,2,sample_weight,None,param
1754,261,3,adjusted,False,param
1755,262,0,y_true,UNDEF,param
1756,262,1,y_prob,UNDEF,param
1757,262,2,sample_weight,None,param
1758,262,3,pos_label,None,param
1759,263,0,y_true,UNDEF,param
1760,263,1,y_pred,UNDEF,param
1761,263,2,labels,None,param
1762,263,3,target_names,None,param
1763,263,4,sample_weight,None,param
1764,263,5,digits,2,param
1765,263,6,output_dict,False,param
1766,264,0,y1,UNDEF,param
1767,264,1,y2,UNDEF,param
1768,264,2,labels,None,param
1769,264,3,weights,None,param
1770,264,4,sample_weight,None,param
1771,265,0,y_true,UNDEF,param
1772,265,1,y_pred,UNDEF,param
1773,265,2,labels,None,param
1774,265,3,sample_weight,None,param
1775,266,0,y_true,UNDEF,param
1776,266,1,y_pred,UNDEF,param
1777,266,2,labels,None,param
1778,266,3,pos_label,1,param
1779,266,4,average,’binary’,param
1780,266,5,sample_weight,None,param
1781,267,0,y_true,UNDEF,param
1782,267,1,y_pred,UNDEF,param
1783,267,2,beta,UNDEF,param
1784,267,3,labels,None,param
1785,267,4,pos_label,1,param
1786,267,5,average,’binary’,param
1787,267,6,sample_weight,None,param
1788,268,0,y_true,UNDEF,param
1789,268,1,y_pred,UNDEF,param
1790,268,2,labels,None,param
1791,268,3,sample_weight,None,param
1792,269,0,y_true,UNDEF,param
1793,269,1,pred_decision,UNDEF,param
1794,269,2,labels,None,param
1795,269,3,sample_weight,None,param
1796,270,0,y_true,UNDEF,param
1797,270,1,y_pred,UNDEF,param
1798,270,2,labels,None,param
1799,270,3,pos_label,1,param
1800,270,4,average,’binary’,param
1801,270,5,sample_weight,None,param
1802,271,0,y_true,UNDEF,param
1803,271,1,y_pred,UNDEF,param
1804,271,2,eps,1E-15,param
1805,271,3,normalize,True,param
1806,271,4,sample_weight,None,param
1807,271,5,labels,None,param
1808,272,0,y_true,UNDEF,param
1809,272,1,y_pred,UNDEF,param
1810,272,2,sample_weight,None,param
1811,273,0,y_true,UNDEF,param
1812,273,1,y_pred,UNDEF,param
1813,273,2,sample_weight,None,param
1814,273,3,labels,None,param
1815,273,4,samplewise,False,param
1816,274,0,y_true,UNDEF,param
1817,274,1,probas_pred,UNDEF,param
1818,274,2,pos_label,None,param
1819,274,3,sample_weight,None,param
1820,275,0,y_true,UNDEF,param
1821,275,1,y_pred,UNDEF,param
1822,275,2,beta,1,param
1823,275,3,labels,None,param
1824,275,4,pos_label,1,param
1825,275,5,average,None,param
1826,275,6,warn_for,(‘precision’,param
1827,275,7,’recall’,UNDEF,param
1828,275,8,’f-score’),UNDEF,param
1829,275,9,sample_weight,None,param
1830,276,0,y_true,UNDEF,param
1831,276,1,y_pred,UNDEF,param
1832,276,2,labels,None,param
1833,276,3,pos_label,1,param
1834,276,4,average,’binary’,param
1835,276,5,sample_weight,None,param
1836,277,0,y_true,UNDEF,param
1837,277,1,y_pred,UNDEF,param
1838,277,2,labels,None,param
1839,277,3,pos_label,1,param
1840,277,4,average,’binary’,param
1841,277,5,sample_weight,None,param
1842,278,0,y_true,UNDEF,param
1843,278,1,y_score,UNDEF,param
1844,278,2,average,’macro’,param
1845,278,3,sample_weight,None,param
1846,278,4,max_fpr,None,param
1847,279,0,y_true,UNDEF,param
1848,279,1,y_score,UNDEF,param
1849,279,2,pos_label,None,param
1850,279,3,sample_weight,None,param
1851,279,4,drop_intermediate,True,param
1852,280,0,y_true,UNDEF,param
1853,280,1,y_pred,UNDEF,param
1854,280,2,normalize,True,param
1855,280,3,sample_weight,None,param
1856,281,0,y_true,UNDEF,param
1857,281,1,y_pred,UNDEF,param
1858,281,2,sample_weight,None,param
1859,281,3,multioutput,’uniform_average’,param
1860,282,0,y_true,UNDEF,param
1861,282,1,y_pred,UNDEF,param
1862,283,0,y_true,UNDEF,param
1863,283,1,y_pred,UNDEF,param
1864,283,2,sample_weight,None,param
1865,283,3,multioutput,’uniform_average’,param
1866,284,0,y_true,UNDEF,param
1867,284,1,y_pred,UNDEF,param
1868,284,2,sample_weight,None,param
1869,284,3,multioutput,’uniform_average’,param
1870,285,0,y_true,UNDEF,param
1871,285,1,y_pred,UNDEF,param
1872,285,2,sample_weight,None,param
1873,285,3,multioutput,’uniform_average’,param
1874,286,0,y_true,UNDEF,param
1875,286,1,y_pred,UNDEF,param
1876,287,0,y_true,UNDEF,param
1877,287,1,y_pred,UNDEF,param
1878,287,2,sample_weight,None,param
1879,287,3,multioutput,’uniform_average’,param
1880,288,0,y_true,UNDEF,param
1881,288,1,y_score,UNDEF,param
1882,288,2,sample_weight,None,param
1883,289,0,y_true,UNDEF,param
1884,289,1,y_score,UNDEF,param
1885,289,2,sample_weight,None,param
1886,290,0,y_true,UNDEF,param
1887,290,1,y_score,UNDEF,param
1888,290,2,sample_weight,None,param
1889,291,0,labels_true,UNDEF,param
1890,291,1,labels_pred,UNDEF,param
1891,291,2,average_method,’warn’,param
1892,292,0,labels_true,UNDEF,param
1893,292,1,labels_pred,UNDEF,param
1894,293,0,X,UNDEF,param
1895,293,1,labels,UNDEF,param
1896,294,0,X,UNDEF,param
1897,294,1,labels,UNDEF,param
1898,295,0,labels_true,UNDEF,param
1899,295,1,labels_pred,UNDEF,param
1900,296,0,labels_true,UNDEF,param
1901,296,1,labels_pred,UNDEF,param
1902,296,2,eps,None,param
1903,296,3,sparse,False,param
1904,297,0,labels_true,UNDEF,param
1905,297,1,labels_pred,UNDEF,param
1906,297,2,sparse,False,param
1907,298,0,labels_true,UNDEF,param
1908,298,1,labels_pred,UNDEF,param
1909,298,2,beta,1,param
1910,299,0,labels_true,UNDEF,param
1911,299,1,labels_pred,UNDEF,param
1912,300,0,labels_true,UNDEF,param
1913,300,1,labels_pred,UNDEF,param
1914,300,2,contingency,None,param
1915,301,0,labels_true,UNDEF,param
1916,301,1,labels_pred,UNDEF,param
1917,301,2,average_method,’warn’,param
1918,302,0,X,UNDEF,param
1919,302,1,labels,UNDEF,param
1920,302,2,metric,’euclidean’,param
1921,302,3,sample_size,None,param
1922,302,4,random_state,None,param
1923,302,5,**kwds,UNDEF,param
1924,303,0,X,UNDEF,param
1925,303,1,labels,UNDEF,param
1926,303,2,metric,’euclidean’,param
1927,303,3,**kwds,UNDEF,param
1928,304,0,labels_true,UNDEF,param
1929,304,1,labels_pred,UNDEF,param
1930,304,2,beta,1,param
1931,305,0,a,UNDEF,param
1932,305,1,b,UNDEF,param
1933,305,2,similarity,’jaccard’,param
1934,306,0,X,UNDEF,param
1935,306,1,Y,None,param
1936,307,0,X,UNDEF,param
1937,307,1,Y,None,param
1938,307,2,gamma,1,param
1939,308,0,X,UNDEF,param
1940,308,1,Y,None,param
1941,308,2,dense_output,True,param
1942,309,0,X,UNDEF,param
1943,309,1,Y,None,param
1944,311,0,X,UNDEF,param
1945,311,1,Y,None,param
1946,311,2,Y_norm_squared,None,param
1947,311,3,squared,False,param
1948,311,4,X_norm_squared,None,param
1949,312,0,X,UNDEF,param
1950,312,1,Y,None,param
1951,314,0,X,UNDEF,param
1952,314,1,Y,None,param
1953,314,2,gamma,None,param
1954,315,0,X,UNDEF,param
1955,315,1,Y,None,param
1956,315,2,dense_output,True,param
1957,316,0,X,UNDEF,param
1958,316,1,Y,None,param
1959,316,2,sum_over_features,True,param
1960,317,0,X,UNDEF,param
1961,317,1,Y,None,param
1962,317,2,metric,’linear’,param
1963,317,3,filter_params,False,param
1964,317,4,n_jobs,None,param
1965,317,5,**kwds,UNDEF,param
1966,318,0,X,UNDEF,param
1967,318,1,Y,None,param
1968,318,2,degree,3,param
1969,318,3,gamma,None,param
1970,318,4,coef0,1,param
1971,319,0,X,UNDEF,param
1972,319,1,Y,None,param
1973,319,2,gamma,None,param
1974,320,0,X,UNDEF,param
1975,320,1,Y,None,param
1976,320,2,gamma,None,param
1977,320,3,coef0,1,param
1978,321,0,X,UNDEF,param
1979,321,1,Y,UNDEF,param
1980,322,0,X,UNDEF,param
1981,322,1,Y,UNDEF,param
1982,323,0,X,UNDEF,param
1983,323,1,Y,UNDEF,param
1984,324,0,X,UNDEF,param
1985,324,1,Y,UNDEF,param
1986,324,2,metric,’euclidean’,param
1987,324,3,**kwds,UNDEF,param
1988,325,0,X,UNDEF,param
1989,325,1,Y,None,param
1990,325,2,metric,’euclidean’,param
1991,325,3,n_jobs,None,param
1992,325,4,**kwds,UNDEF,param
1993,326,0,X,UNDEF,param
1994,326,1,Y,UNDEF,param
1995,326,2,axis,1,param
1996,326,3,metric,’euclidean’,param
1997,326,4,batch_size,None,param
1998,326,5,metric_kwargs,None,param
1999,327,0,X,UNDEF,param
2000,327,1,Y,UNDEF,param
2001,327,2,axis,1,param
2002,327,3,metric,’euclidean’,param
2003,327,4,batch_size,None,param
2004,327,5,metric_kwargs,None,param
2005,328,0,X,UNDEF,param
2006,328,1,Y,None,param
2007,328,2,reduce_func,None,param
2008,328,3,metric,’euclidean’,param
2009,328,4,n_jobs,None,param
2010,328,5,working_memory,None,param
2011,328,6,**kwds,UNDEF,param
2012,329,0,n_components,1,param
2013,329,1,covariance_type,’full’,param
2014,329,2,tol,0.001,param
2015,329,3,reg_covar,1E-06,param
2016,329,4,max_iter,100,param
2017,329,5,n_init,1,param
2018,329,6,init_params,’kmeans’,param
2019,329,7,weight_concentration_prior_type,’dirichlet_process’,param
2020,329,8,weight_concentration_prior,None,param
2021,329,9,mean_precision_prior,None,param
2022,329,10,mean_prior,None,param
2023,329,11,degrees_of_freedom_prior,None,param
2024,329,12,covariance_prior,None,param
2025,329,13,random_state,None,param
2026,329,14,warm_start,False,param
2027,329,15,verbose,0,param
2028,329,16,verbose_interval,10,param
2029,330,0,n_components,1,param
2030,330,1,covariance_type,’full’,param
2031,330,2,tol,0.001,param
2032,330,3,reg_covar,1E-06,param
2033,330,4,max_iter,100,param
2034,330,5,n_init,1,param
2035,330,6,init_params,’kmeans’,param
2036,330,7,weights_init,None,param
2037,330,8,means_init,None,param
2038,330,9,precisions_init,None,param
2039,330,10,random_state,None,param
2040,330,11,warm_start,False,param
2041,330,12,verbose,0,param
2042,330,13,verbose_interval,10,param
2043,331,0,n_splits,’warn’,param
2044,332,0,n_splits,5,param
2045,332,1,test_size,None,param
2046,332,2,train_size,None,param
2047,332,3,random_state,None,param
2048,333,0,n_splits,’warn’,param
2049,333,1,shuffle,False,param
2050,333,2,random_state,None,param
2051,335,0,n_groups,UNDEF,param
2052,337,0,p,UNDEF,param
2053,338,0,test_fold,UNDEF,param
2054,339,0,n_splits,5,param
2055,339,1,n_repeats,10,param
2056,339,2,random_state,None,param
2057,340,0,n_splits,5,param
2058,340,1,n_repeats,10,param
2059,340,2,random_state,None,param
2060,341,0,n_splits,10,param
2061,341,1,test_size,None,param
2062,341,2,train_size,None,param
2063,341,3,random_state,None,param
2064,342,0,n_splits,’warn’,param
2065,342,1,shuffle,False,param
2066,342,2,random_state,None,param
2067,343,0,n_splits,10,param
2068,343,1,test_size,None,param
2069,343,2,train_size,None,param
2070,343,3,random_state,None,param
2071,344,0,n_splits,’warn’,param
2072,344,1,max_train_size,None,param
2073,345,0,cv,’warn’,param
2074,345,1,y,None,param
2075,345,2,classifier,False,param
2076,346,0,*arrays,UNDEF,param
2077,346,1,**options,UNDEF,param
2078,347,0,estimator,UNDEF,param
2079,347,1,param_grid,UNDEF,param
2080,347,2,scoring,None,param
2081,347,3,n_jobs,None,param
2082,347,4,iid,’warn’,param
2083,347,5,refit,True,param
2084,347,6,cv,’warn’,param
2085,347,7,verbose,0,param
2086,347,8,pre_dispatch,‘2*n_jobs’,param
2087,347,9,error_score,’raise-deprecating’,param
2088,347,10,return_train_score,False,param
2089,348,0,param_grid,UNDEF,param
2090,349,0,param_distributions,UNDEF,param
2091,349,1,n_iter,UNDEF,param
2092,349,2,random_state,None,param
2093,350,0,estimator,UNDEF,param
2094,350,1,param_distributions,UNDEF,param
2095,350,2,n_iter,10,param
2096,350,3,scoring,None,param
2097,350,4,n_jobs,None,param
2098,350,5,iid,’warn’,param
2099,350,6,refit,True,param
2100,350,7,cv,’warn’,param
2101,350,8,verbose,0,param
2102,350,9,pre_dispatch,‘2*n_jobs’,param
2103,350,10,random_state,None,param
2104,350,11,error_score,’raise-deprecating’,param
2105,350,12,return_train_score,False,param
2106,351,0,X,UNDEF,param
2107,351,1,y,UNDEF,param
2108,351,2,estimator,UNDEF,param
2109,351,3,parameters,UNDEF,param
2110,351,4,train,UNDEF,param
2111,351,5,test,UNDEF,param
2112,351,6,scorer,UNDEF,param
2113,351,7,verbose,UNDEF,param
2114,351,8,error_score,’raise-deprecating’,param
2115,351,9,**fit_params,UNDEF,param
2116,352,0,estimator,UNDEF,param
2117,352,1,X,UNDEF,param
2118,352,2,y,None,param
2119,352,3,groups,None,param
2120,352,4,scoring,None,param
2121,352,5,cv,’warn’,param
2122,352,6,n_jobs,None,param
2123,352,7,verbose,0,param
2124,352,8,fit_params,None,param
2125,352,9,pre_dispatch,‘2*n_jobs’,param
2126,352,10,return_train_score,False,param
2127,352,11,return_estimator,False,param
2128,352,12,error_score,’raise-deprecating’,param
2129,353,0,estimator,UNDEF,param
2130,353,1,X,UNDEF,param
2131,353,2,y,None,param
2132,353,3,groups,None,param
2133,353,4,cv,’warn’,param
2134,353,5,n_jobs,None,param
2135,353,6,verbose,0,param
2136,353,7,fit_params,None,param
2137,353,8,pre_dispatch,‘2*n_jobs’,param
2138,353,9,method,’predict’,param
2139,354,0,estimator,UNDEF,param
2140,354,1,X,UNDEF,param
2141,354,2,y,None,param
2142,354,3,groups,None,param
2143,354,4,scoring,None,param
2144,354,5,cv,’warn’,param
2145,354,6,n_jobs,None,param
2146,354,7,verbose,0,param
2147,354,8,fit_params,None,param
2148,354,9,pre_dispatch,‘2*n_jobs’,param
2149,354,10,error_score,’raise-deprecating’,param
2150,355,0,estimator,UNDEF,param
2151,355,1,X,UNDEF,param
2152,355,2,y,UNDEF,param
2153,355,3,groups,None,param
2154,355,4,train_sizes,array([0.1,param
2155,355,5,0.33,UNDEF,param
2156,355,6,0.55,UNDEF,param
2157,355,7,0.78,UNDEF,param
2158,355,8,1.  ]),UNDEF,param
2159,355,9,cv,’warn’,param
2160,355,10,scoring,None,param
2161,355,11,exploit_incremental_learning,False,param
2162,355,12,n_jobs,None,param
2163,355,13,pre_dispatch,’all’,param
2164,355,14,verbose,0,param
2165,355,15,shuffle,False,param
2166,355,16,random_state,None,param
2167,355,17,error_score,’raise-deprecating’,param
2168,356,0,estimator,UNDEF,param
2169,356,1,X,UNDEF,param
2170,356,2,y,UNDEF,param
2171,356,3,groups,None,param
2172,356,4,cv,’warn’,param
2173,356,5,n_permutations,100,param
2174,356,6,n_jobs,None,param
2175,356,7,random_state,0,param
2176,356,8,verbose,0,param
2177,356,9,scoring,None,param
2178,357,0,estimator,UNDEF,param
2179,357,1,X,UNDEF,param
2180,357,2,y,UNDEF,param
2181,357,3,param_name,UNDEF,param
2182,357,4,param_range,UNDEF,param
2183,357,5,groups,None,param
2184,357,6,cv,’warn’,param
2185,357,7,scoring,None,param
2186,357,8,n_jobs,None,param
2187,357,9,pre_dispatch,’all’,param
2188,357,10,verbose,0,param
2189,357,11,error_score,’raise-deprecating’,param
2190,358,0,estimator,UNDEF,param
2191,358,1,n_jobs,None,param
2192,359,0,estimator,UNDEF,param
2193,359,1,n_jobs,None,param
2194,360,0,estimator,UNDEF,param
2195,360,1,code_size,1.5,param
2196,360,2,random_state,None,param
2197,360,3,n_jobs,None,param
2198,361,0,base_estimator,UNDEF,param
2199,361,1,order,None,param
2200,361,2,cv,None,param
2201,361,3,random_state,None,param
2202,362,0,estimator,UNDEF,param
2203,362,1,n_jobs,None,param
2204,363,0,estimator,UNDEF,param
2205,363,1,n_jobs,None,param
2206,364,0,base_estimator,UNDEF,param
2207,364,1,order,None,param
2208,364,2,cv,None,param
2209,364,3,random_state,None,param
2210,365,0,alpha,1,param
2211,365,1,binarize,0,param
2212,365,2,fit_prior,True,param
2213,365,3,class_prior,None,param
2214,366,0,priors,None,param
2215,366,1,var_smoothing,1E-09,param
2216,367,0,alpha,1,param
2217,367,1,fit_prior,True,param
2218,367,2,class_prior,None,param
2219,368,0,alpha,1,param
2220,368,1,fit_prior,True,param
2221,368,2,class_prior,None,param
2222,368,3,norm,False,param
2223,372,0,bandwidth,1,param
2224,372,1,algorithm,’auto’,param
2225,372,2,kernel,’gaussian’,param
2226,372,3,metric,’euclidean’,param
2227,372,4,atol,0,param
2228,372,5,rtol,0,param
2229,372,6,breadth_first,True,param
2230,372,7,leaf_size,40,param
2231,372,8,metric_params,None,param
2232,373,0,n_neighbors,5,param
2233,373,1,weights,’uniform’,param
2234,373,2,algorithm,’auto’,param
2235,373,3,leaf_size,30,param
2236,373,4,p,2,param
2237,373,5,metric,’minkowski’,param
2238,373,6,metric_params,None,param
2239,373,7,n_jobs,None,param
2240,373,8,**kwargs,UNDEF,param
2241,374,0,n_neighbors,5,param
2242,374,1,weights,’uniform’,param
2243,374,2,algorithm,’auto’,param
2244,374,3,leaf_size,30,param
2245,374,4,p,2,param
2246,374,5,metric,’minkowski’,param
2247,374,6,metric_params,None,param
2248,374,7,n_jobs,None,param
2249,374,8,**kwargs,UNDEF,param
2250,375,0,n_neighbors,20,param
2251,375,1,algorithm,’auto’,param
2252,375,2,leaf_size,30,param
2253,375,3,metric,’minkowski’,param
2254,375,4,p,2,param
2255,375,5,metric_params,None,param
2256,375,6,contamination,’legacy’,param
2257,375,7,novelty,False,param
2258,375,8,n_jobs,None,param
2259,376,0,radius,1,param
2260,376,1,weights,’uniform’,param
2261,376,2,algorithm,’auto’,param
2262,376,3,leaf_size,30,param
2263,376,4,p,2,param
2264,376,5,metric,’minkowski’,param
2265,376,6,outlier_label,None,param
2266,376,7,metric_params,None,param
2267,376,8,n_jobs,None,param
2268,376,9,**kwargs,UNDEF,param
2269,377,0,radius,1,param
2270,377,1,weights,’uniform’,param
2271,377,2,algorithm,’auto’,param
2272,377,3,leaf_size,30,param
2273,377,4,p,2,param
2274,377,5,metric,’minkowski’,param
2275,377,6,metric_params,None,param
2276,377,7,n_jobs,None,param
2277,377,8,**kwargs,UNDEF,param
2278,378,0,metric,’euclidean’,param
2279,378,1,shrink_threshold,None,param
2280,379,0,n_neighbors,5,param
2281,379,1,radius,1,param
2282,379,2,algorithm,’auto’,param
2283,379,3,leaf_size,30,param
2284,379,4,metric,’minkowski’,param
2285,379,5,p,2,param
2286,379,6,metric_params,None,param
2287,379,7,n_jobs,None,param
2288,379,8,**kwargs,UNDEF,param
2289,380,0,n_components,None,param
2290,380,1,init,’auto’,param
2291,380,2,warm_start,False,param
2292,380,3,max_iter,50,param
2293,380,4,tol,1E-05,param
2294,380,5,callback,None,param
2295,380,6,verbose,0,param
2296,380,7,random_state,None,param
2297,381,0,X,UNDEF,param
2298,381,1,n_neighbors,UNDEF,param
2299,381,2,mode,’connectivity’,param
2300,381,3,metric,’minkowski’,param
2301,381,4,p,2,param
2302,381,5,metric_params,None,param
2303,381,6,include_self,False,param
2304,381,7,n_jobs,None,param
2305,382,0,X,UNDEF,param
2306,382,1,radius,UNDEF,param
2307,382,2,mode,’connectivity’,param
2308,382,3,metric,’minkowski’,param
2309,382,4,p,2,param
2310,382,5,metric_params,None,param
2311,382,6,include_self,False,param
2312,382,7,n_jobs,None,param
2313,383,0,n_components,256,param
2314,383,1,learning_rate,0.1,param
2315,383,2,batch_size,10,param
2316,383,3,n_iter,10,param
2317,383,4,verbose,0,param
2318,383,5,random_state,None,param
2319,384,0,hidden_layer_sizes,(100,param
2320,384,1,),UNDEF,param
2321,384,2,activation,’relu’,param
2322,384,3,solver,’adam’,param
2323,384,4,alpha,0.0001,param
2324,384,5,batch_size,’auto’,param
2325,384,6,learning_rate,’constant’,param
2326,384,7,learning_rate_init,0.001,param
2327,384,8,power_t,0.5,param
2328,384,9,max_iter,200,param
2329,384,10,shuffle,True,param
2330,384,11,random_state,None,param
2331,384,12,tol,0.0001,param
2332,384,13,verbose,False,param
2333,384,14,warm_start,False,param
2334,384,15,momentum,0.9,param
2335,384,16,nesterovs_momentum,True,param
2336,384,17,early_stopping,False,param
2337,384,18,validation_fraction,0.1,param
2338,384,19,beta_1,0.9,param
2339,384,20,beta_2,0.999,param
2340,384,21,epsilon,1E-08,param
2341,384,22,n_iter_no_change,10,param
2342,385,0,hidden_layer_sizes,(100,param
2343,385,1,),UNDEF,param
2344,385,2,activation,’relu’,param
2345,385,3,solver,’adam’,param
2346,385,4,alpha,0.0001,param
2347,385,5,batch_size,’auto’,param
2348,385,6,learning_rate,’constant’,param
2349,385,7,learning_rate_init,0.001,param
2350,385,8,power_t,0.5,param
2351,385,9,max_iter,200,param
2352,385,10,shuffle,True,param
2353,385,11,random_state,None,param
2354,385,12,tol,0.0001,param
2355,385,13,verbose,False,param
2356,385,14,warm_start,False,param
2357,385,15,momentum,0.9,param
2358,385,16,nesterovs_momentum,True,param
2359,385,17,early_stopping,False,param
2360,385,18,validation_fraction,0.1,param
2361,385,19,beta_1,0.9,param
2362,385,20,beta_2,0.999,param
2363,385,21,epsilon,1E-08,param
2364,385,22,n_iter_no_change,10,param
2365,386,0,transformer_list,UNDEF,arct
2366,386,1,n_jobs,None,param
2367,386,2,transformer_weights,None,param
2368,386,3,verbose,False,param
2369,387,0,steps,UNDEF,arct
2370,387,1,memory,None,param
2371,387,2,verbose,False,param
2372,388,0,*steps,UNDEF,param
2373,388,1,**kwargs,UNDEF,param
2374,389,0,*transformers,UNDEF,param
2375,389,1,**kwargs,UNDEF,param
2376,390,0,estimator,UNDEF,param
2377,390,1,X,UNDEF,param
2378,390,2,features,UNDEF,param
2379,390,3,response_method,’auto’,param
2380,390,4,percentiles,(0.05,param
2381,390,5,0.95),UNDEF,param
2382,390,6,grid_resolution,100,param
2383,390,7,method,’auto’,param
2384,391,0,estimator,UNDEF,param
2385,391,1,X,UNDEF,param
2386,391,2,features,UNDEF,param
2387,391,3,feature_names,None,param
2388,391,4,target,None,param
2389,391,5,response_method,’auto’,param
2390,391,6,n_cols,3,param
2391,391,7,grid_resolution,100,param
2392,391,8,percentiles,(0.05,param
2393,391,9,0.95),UNDEF,param
2394,391,10,method,’auto’,param
2395,391,11,n_jobs,None,param
2396,391,12,verbose,0,param
2397,391,13,fig,None,param
2398,391,14,line_kw,None,param
2399,391,15,contour_kw,None,param
2400,392,0,threshold,0,param
2401,392,1,copy,True,param
2402,393,0,func,None,param
2403,393,1,inverse_func,None,param
2404,393,2,validate,None,param
2405,393,3,accept_sparse,False,param
2406,393,4,pass_y,’deprecated’,param
2407,393,5,check_inverse,True,param
2408,393,6,kw_args,None,param
2409,393,7,inv_kw_args,None,param
2410,394,0,n_bins,5,param
2411,394,1,encode,’onehot’,param
2412,394,2,strategy,’quantile’,param
2413,396,0,neg_label,0,param
2414,396,1,pos_label,1,param
2415,396,2,sparse_output,False,param
2416,398,0,classes,None,param
2417,398,1,sparse_output,False,param
2418,399,0,copy,True,param
2419,400,0,feature_range,(0,param
2420,400,1,1),UNDEF,param
2421,400,2,copy,True,param
2422,401,0,norm,’l2’,param
2423,401,1,copy,True,param
2424,402,0,n_values,None,param
2425,402,1,categorical_features,None,param
2426,402,2,categories,None,param
2427,402,3,drop,None,param
2428,402,4,sparse,True,param
2429,402,5,dtype,<class ‘numpy.float64’>,param
2430,402,6,handle_unknown,’error’,param
2431,403,0,categories,’auto’,param
2432,403,1,dtype,<class ‘numpy.float64’>,param
2433,404,0,degree,2,param
2434,404,1,interaction_only,False,param
2435,404,2,include_bias,True,param
2436,404,3,order,’C’,param
2437,405,0,method,’yeo-johnson’,param
2438,405,1,standardize,True,param
2439,405,2,copy,True,param
2440,406,0,n_quantiles,1000,param
2441,406,1,output_distribution,’uniform’,param
2442,406,2,ignore_implicit_zeros,False,param
2443,406,3,subsample,100000,param
2444,406,4,random_state,None,param
2445,406,5,copy,True,param
2446,407,0,with_centering,True,param
2447,407,1,with_scaling,True,param
2448,407,2,quantile_range,(25.0,param
2449,407,3,75.0),UNDEF,param
2450,407,4,copy,True,param
2451,408,0,copy,True,param
2452,408,1,with_mean,True,param
2453,408,2,with_std,True,param
2454,409,0,X,UNDEF,param
2455,409,1,value,1,param
2456,410,0,X,UNDEF,param
2457,410,1,threshold,0,param
2458,410,2,copy,True,param
2459,411,0,y,UNDEF,param
2460,411,1,classes,UNDEF,param
2461,411,2,neg_label,0,param
2462,411,3,pos_label,1,param
2463,411,4,sparse_output,False,param
2464,412,0,X,UNDEF,param
2465,412,1,axis,0,param
2466,412,2,copy,True,param
2467,413,0,X,UNDEF,param
2468,413,1,feature_range,(0,param
2469,413,2,1),UNDEF,param
2470,413,3,axis,0,param
2471,413,4,copy,True,param
2472,414,0,X,UNDEF,param
2473,414,1,norm,’l2’,param
2474,414,2,axis,1,param
2475,414,3,copy,True,param
2476,414,4,return_norm,False,param
2477,415,0,X,UNDEF,param
2478,415,1,axis,0,param
2479,415,2,n_quantiles,1000,param
2480,415,3,output_distribution,’uniform’,param
2481,415,4,ignore_implicit_zeros,False,param
2482,415,5,subsample,100000,param
2483,415,6,random_state,None,param
2484,415,7,copy,’warn’,param
2485,416,0,X,UNDEF,param
2486,416,1,axis,0,param
2487,416,2,with_centering,True,param
2488,416,3,with_scaling,True,param
2489,416,4,quantile_range,(25.0,param
2490,416,5,75.0),UNDEF,param
2491,416,6,copy,True,param
2492,417,0,X,UNDEF,param
2493,417,1,axis,0,param
2494,417,2,with_mean,True,param
2495,417,3,with_std,True,param
2496,417,4,copy,True,param
2497,418,0,X,UNDEF,param
2498,418,1,method,’warn’,param
2499,418,2,standardize,True,param
2500,418,3,copy,True,param
2501,419,0,n_components,’auto’,param
2502,419,1,eps,0.1,param
2503,419,2,random_state,None,param
2504,420,0,n_components,’auto’,param
2505,420,1,density,’auto’,param
2506,420,2,eps,0.1,param
2507,420,3,dense_output,False,param
2508,420,4,random_state,None,param
2509,421,0,n_samples,UNDEF,param
2510,421,1,eps,0.1,param
2511,422,0,kernel,’rbf’,param
2512,422,1,gamma,20,param
2513,422,2,n_neighbors,7,param
2514,422,3,max_iter,1000,param
2515,422,4,tol,0.001,param
2516,422,5,n_jobs,None,param
2517,423,0,kernel,’rbf’,param
2518,423,1,gamma,20,param
2519,423,2,n_neighbors,7,param
2520,423,3,alpha,0.2,param
2521,423,4,max_iter,30,param
2522,423,5,tol,0.001,param
2523,423,6,n_jobs,None,param
2524,424,0,penalty,’l2’,param
2525,424,1,loss,’squared_hinge’,param
2526,424,2,dual,True,param
2527,424,3,tol,0.0001,param
2528,424,4,C,1,param
2529,424,5,multi_class,’ovr’,param
2530,424,6,fit_intercept,True,param
2531,424,7,intercept_scaling,1,param
2532,424,8,class_weight,None,param
2533,424,9,verbose,0,param
2534,424,10,random_state,None,param
2535,424,11,max_iter,1000,param
2536,425,0,epsilon,0,param
2537,425,1,tol,0.0001,param
2538,425,2,C,1,param
2539,425,3,loss,’epsilon_insensitive’,param
2540,425,4,fit_intercept,True,param
2541,425,5,intercept_scaling,1,param
2542,425,6,dual,True,param
2543,425,7,verbose,0,param
2544,425,8,random_state,None,param
2545,425,9,max_iter,1000,param
2546,426,0,nu,0.5,param
2547,426,1,kernel,’rbf’,param
2548,426,2,degree,3,param
2549,426,3,gamma,’auto_deprecated’,param
2550,426,4,coef0,0,param
2551,426,5,shrinking,True,param
2552,426,6,probability,False,param
2553,426,7,tol,0.001,param
2554,426,8,cache_size,200,param
2555,426,9,class_weight,None,param
2556,426,10,verbose,False,param
2557,426,11,max_iter,-1,param
2558,426,12,decision_function_shape,’ovr’,param
2559,426,13,random_state,None,param
2560,427,0,nu,0.5,param
2561,427,1,C,1,param
2562,427,2,kernel,’rbf’,param
2563,427,3,degree,3,param
2564,427,4,gamma,’auto_deprecated’,param
2565,427,5,coef0,0,param
2566,427,6,shrinking,True,param
2567,427,7,tol,0.001,param
2568,427,8,cache_size,200,param
2569,427,9,verbose,False,param
2570,427,10,max_iter,-1,param
2571,428,0,kernel,’rbf’,param
2572,428,1,degree,3,param
2573,428,2,gamma,’auto_deprecated’,param
2574,428,3,coef0,0,param
2575,428,4,tol,0.001,param
2576,428,5,nu,0.5,param
2577,428,6,shrinking,True,param
2578,428,7,cache_size,200,param
2579,428,8,verbose,False,param
2580,428,9,max_iter,-1,param
2581,428,10,random_state,None,param
2582,429,0,C,1,param
2583,429,1,kernel,’rbf’,param
2584,429,2,degree,3,param
2585,429,3,gamma,’auto_deprecated’,param
2586,429,4,coef0,0,param
2587,429,5,shrinking,True,param
2588,429,6,probability,False,param
2589,429,7,tol,0.001,param
2590,429,8,cache_size,200,param
2591,429,9,class_weight,None,param
2592,429,10,verbose,False,param
2593,429,11,max_iter,-1,param
2594,429,12,decision_function_shape,’ovr’,param
2595,429,13,random_state,None,param
2596,430,0,kernel,’rbf’,param
2597,430,1,degree,3,param
2598,430,2,gamma,’auto_deprecated’,param
2599,430,3,coef0,0,param
2600,430,4,tol,0.001,param
2601,430,5,C,1,param
2602,430,6,epsilon,0.1,param
2603,430,7,shrinking,True,param
2604,430,8,cache_size,200,param
2605,430,9,verbose,False,param
2606,430,10,max_iter,-1,param
2607,431,0,X,UNDEF,param
2608,431,1,y,UNDEF,param
2609,431,2,loss,’squared_hinge’,param
2610,431,3,fit_intercept,True,param
2611,431,4,intercept_scaling,1,param
2612,437,0,criterion,’gini’,param
2613,437,1,splitter,’best’,param
2614,437,2,max_depth,None,param
2615,437,3,min_samples_split,2,param
2616,437,4,min_samples_leaf,1,param
2617,437,5,min_weight_fraction_leaf,0,param
2618,437,6,max_features,None,param
2619,437,7,random_state,None,param
2620,437,8,max_leaf_nodes,None,param
2621,437,9,min_impurity_decrease,0,param
2622,437,10,min_impurity_split,None,param
2623,437,11,class_weight,None,param
2624,437,12,presort,False,param
2625,438,0,criterion,’mse’,param
2626,438,1,splitter,’best’,param
2627,438,2,max_depth,None,param
2628,438,3,min_samples_split,2,param
2629,438,4,min_samples_leaf,1,param
2630,438,5,min_weight_fraction_leaf,0,param
2631,438,6,max_features,None,param
2632,438,7,random_state,None,param
2633,438,8,max_leaf_nodes,None,param
2634,438,9,min_impurity_decrease,0,param
2635,438,10,min_impurity_split,None,param
2636,438,11,presort,False,param
2637,439,0,criterion,’gini’,param
2638,439,1,splitter,’random’,param
2639,439,2,max_depth,None,param
2640,439,3,min_samples_split,2,param
2641,439,4,min_samples_leaf,1,param
2642,439,5,min_weight_fraction_leaf,0,param
2643,439,6,max_features,’auto’,param
2644,439,7,random_state,None,param
2645,439,8,max_leaf_nodes,None,param
2646,439,9,min_impurity_decrease,0,param
2647,439,10,min_impurity_split,None,param
2648,439,11,class_weight,None,param
2649,440,0,criterion,’mse’,param
2650,440,1,splitter,’random’,param
2651,440,2,max_depth,None,param
2652,440,3,min_samples_split,2,param
2653,440,4,min_samples_leaf,1,param
2654,440,5,min_weight_fraction_leaf,0,param
2655,440,6,max_features,’auto’,param
2656,440,7,random_state,None,param
2657,440,8,min_impurity_decrease,0,param
2658,440,9,min_impurity_split,None,param
2659,440,10,max_leaf_nodes,None,param
2660,441,0,decision_tree,UNDEF,param
2661,441,1,out_file,None,param
2662,441,2,max_depth,None,param
2663,441,3,feature_names,None,param
2664,441,4,class_names,None,param
2665,441,5,label,’all’,param
2666,441,6,filled,False,param
2667,441,7,leaves_parallel,False,param
2668,441,8,impurity,True,param
2669,441,9,node_ids,False,param
2670,441,10,proportion,False,param
2671,441,11,rotate,False,param
2672,441,12,rounded,False,param
2673,441,13,special_characters,False,param
2674,441,14,precision,3,param
2675,442,0,decision_tree,UNDEF,param
2676,442,1,max_depth,None,param
2677,442,2,feature_names,None,param
2678,442,3,class_names,None,param
2679,442,4,label,’all’,param
2680,442,5,filled,False,param
2681,442,6,impurity,True,param
2682,442,7,node_ids,False,param
2683,442,8,proportion,False,param
2684,442,9,rotate,False,param
2685,442,10,rounded,False,param
2686,442,11,precision,3,param
2687,442,12,ax,None,param
2688,442,13,fontsize,None,param
2689,443,0,decision_tree,UNDEF,param
2690,443,1,feature_names,None,param
2691,443,2,max_depth,10,param
2692,443,3,spacing,3,param
2693,443,4,decimals,2,param
2694,443,5,show_weights,False,param
2695,445,0,X,UNDEF,param
2696,445,1,copy,True,param
2697,445,2,force_all_finite,True,param
2698,446,0,X,UNDEF,param
2699,446,1,allow_nan,False,param
2700,447,0,X,UNDEF,param
2701,447,1,y,UNDEF,param
2702,447,2,accept_sparse,False,param
2703,447,3,accept_large_sparse,True,param
2704,447,4,dtype,’numeric’,param
2705,447,5,order,None,param
2706,447,6,copy,False,param
2707,447,7,force_all_finite,True,param
2708,447,8,ensure_2d,True,param
2709,447,9,allow_nd,False,param
2710,447,10,multi_output,False,param
2711,447,11,ensure_min_samples,1,param
2712,447,12,ensure_min_features,1,param
2713,447,13,y_numeric,False,param
2714,447,14,warn_on_dtype,None,param
2715,447,15,estimator,None,param
2716,448,0,array,UNDEF,param
2717,448,1,accept_sparse,False,param
2718,448,2,accept_large_sparse,True,param
2719,448,3,dtype,’numeric’,param
2720,448,4,order,None,param
2721,448,5,copy,False,param
2722,448,6,force_all_finite,True,param
2723,448,7,ensure_2d,True,param
2724,448,8,allow_nd,False,param
2725,448,9,ensure_min_samples,1,param
2726,448,10,ensure_min_features,1,param
2727,448,11,warn_on_dtype,None,param
2728,448,12,estimator,None,param
2729,449,0,x,UNDEF,param
2730,449,1,name,UNDEF,param
2731,449,2,target_type,UNDEF,param
2732,449,3,min_val,None,param
2733,449,4,max_val,None,param
2734,450,0,*arrays,UNDEF,param
2735,451,0,seed,UNDEF,param
2736,452,0,class_weight,UNDEF,param
2737,452,1,classes,UNDEF,param
2738,452,2,y,UNDEF,param
2739,453,0,class_weight,UNDEF,param
2740,453,1,y,UNDEF,param
2741,453,2,indices,None,param
2742,454,0,extra,’‘,param
2743,455,0,Estimator,UNDEF,param
2744,456,0,a,UNDEF,param
2745,456,1,b,UNDEF,param
2746,456,2,dense_output,False,param
2747,457,0,A,UNDEF,param
2748,457,1,size,UNDEF,param
2749,457,2,n_iter,UNDEF,param
2750,457,3,power_iteration_normalizer,’auto’,param
2751,457,4,random_state,None,param
2752,458,0,M,UNDEF,param
2753,458,1,n_components,UNDEF,param
2754,458,2,n_oversamples,10,param
2755,458,3,n_iter,’auto’,param
2756,458,4,power_iteration_normalizer,’auto’,param
2757,458,5,transpose,’auto’,param
2758,458,6,flip_sign,True,param
2759,458,7,random_state,0,param
2760,459,0,A,UNDEF,param
2761,460,0,w,UNDEF,param
2762,460,1,**kwargs,UNDEF,param
2763,461,0,a,UNDEF,param
2764,461,1,w,UNDEF,param
2765,461,2,axis,0,param
2766,462,0,n,UNDEF,param
2767,462,1,n_packs,UNDEF,param
2768,462,2,n_samples,None,param
2769,463,0,graph,UNDEF,param
2770,463,1,source,UNDEF,param
2771,463,2,cutoff,None,param
2772,465,0,*iterables,UNDEF,param
2773,466,0,delegate,UNDEF,param
2774,467,0,y,UNDEF,param
2775,468,0,y,UNDEF,param
2776,469,0,*ys,UNDEF,param
2777,471,0,*arrays,UNDEF,param
2778,471,1,**options,UNDEF,param
2779,472,0,X,UNDEF,param
2780,472,1,indices,UNDEF,param
2781,473,0,X,UNDEF,param
2782,473,1,mask,UNDEF,param
2783,474,0,X,UNDEF,param
2784,474,1,copy,True,param
2785,475,0,*arrays,UNDEF,param
2786,475,1,**options,UNDEF,param
2787,476,0,X,UNDEF,param
2788,476,1,axis,UNDEF,param
2789,476,2,last_mean,UNDEF,param
2790,476,3,last_var,UNDEF,param
2791,476,4,last_n,UNDEF,param
2792,477,0,X,UNDEF,param
2793,477,1,scale,UNDEF,param
2794,478,0,X,UNDEF,param
2795,478,1,scale,UNDEF,param
2796,479,0,X,UNDEF,param
2797,479,1,m,UNDEF,param
2798,479,2,n,UNDEF,param
2799,480,0,X,UNDEF,param
2800,480,1,m,UNDEF,param
2801,480,2,n,UNDEF,param
2802,481,0,X,UNDEF,param
2803,481,1,axis,UNDEF,param
2804,482,0,X,UNDEF,param
2805,482,1,scale,UNDEF,param
2806,486,0,estimator,UNDEF,param
2807,486,1,attributes,UNDEF,param
2808,486,2,msg,None,param
2809,486,3,all_or_any,<built-in function all>,param
2810,487,0,memory,UNDEF,param
2811,488,0,array,UNDEF,param
2812,488,1,tol,1E-10,param
2813,488,2,raise_warning,True,param
2814,488,3,raise_exception,False,param
2815,489,0,y,UNDEF,param
2816,489,1,warn,False,param
2817,490,0,estimator,UNDEF,param
2818,490,1,parameter,UNDEF,param
2819,491,0,member,UNDEF,param
2820,491,1,container,UNDEF,param
2821,491,2,msg,None,param
2822,492,0,member,UNDEF,param
2823,492,1,container,UNDEF,param
2824,492,2,msg,None,param
2825,493,0,exceptions,UNDEF,param
2826,493,1,message,UNDEF,param
2827,493,2,function,UNDEF,param
2828,493,3,*args,UNDEF,param
2829,493,4,**kwargs,UNDEF,param
2830,494,0,include_meta_estimators,None,param
2831,494,1,include_other,None,param
2832,494,2,type_filter,None,param
2833,494,3,include_dont_test,None,param
2834,495,0,backend,UNDEF,param
2835,495,1,n_jobs,-1,param
2836,495,2,**backend_params,UNDEF,param
2837,496,0,name,UNDEF,param
2838,496,1,factory,UNDEF,param
2839,496,2,make_default,False,param
2840,497,0,*args,UNDEF,param
2841,497,1,**kwargs,UNDEF,param
2842,498,0,*args,UNDEF,param
2843,498,1,**kwargs,UNDEF,param
2844,500,0,function,UNDEF,param
2845,500,1,check_pickle,None,param
2846,501,0,X,UNDEF,param
2847,501,1,labels,UNDEF,param
2848,502,0,y_true,UNDEF,param
2849,502,1,y_pred,UNDEF,param
2850,502,2,normalize,True,param
2851,502,3,sample_weight,None,param
2852,503,0,X,UNDEF,param
2853,503,1,y,UNDEF,param
2854,503,2,pos_class,None,param
2855,503,3,Cs,10,param
2856,503,4,fit_intercept,True,param
2857,503,5,max_iter,100,param
2858,503,6,tol,0.0001,param
2859,503,7,verbose,0,param
2860,503,8,solver,’lbfgs’,param
2861,503,9,coef,None,param
2862,503,10,class_weight,None,param
2863,503,11,dual,False,param
2864,503,12,penalty,’l2’,param
2865,503,13,intercept_scaling,1,param
2866,503,14,multi_class,’warn’,param
2867,503,15,random_state,None,param
2868,503,16,check_input,True,param
2869,503,17,max_squared_sum,None,param
2870,503,18,sample_weight,None,param
2871,503,19,l1_ratio,None,param
2872,504,0,gbrt,UNDEF,param
2873,504,1,target_variables,UNDEF,param
2874,504,2,grid,None,param
2875,504,3,X,None,param
2876,504,4,percentiles,(0.05,param
2877,504,5,0.95),UNDEF,param
2878,504,6,grid_resolution,100,param
2879,505,0,gbrt,UNDEF,param
2880,505,1,X,UNDEF,param
2881,505,2,features,UNDEF,param
2882,505,3,feature_names,None,param
2883,505,4,label,None,param
2884,505,5,n_cols,3,param
2885,505,6,grid_resolution,100,param
2886,505,7,percentiles,(0.05,param
2887,505,8,0.95),UNDEF,param
2888,505,9,n_jobs,None,param
2889,505,10,verbose,0,param
2890,505,11,ax,None,param
2891,505,12,line_kw,None,param
2892,505,13,contour_kw,None,param
2893,505,14,**fig_kw,UNDEF,param
2894,506,0,*args,UNDEF,param
2895,506,1,**kwargs,UNDEF,param
2896,507,0,*args,UNDEF,param
2897,507,1,**kwargs,UNDEF,param
2898,508,0,*args,UNDEF,param
2899,508,1,**kwargs,UNDEF,param
2900,509,0,*args,UNDEF,param
2901,509,1,**kwargs,UNDEF,param
2902,510,0,emp_cov,UNDEF,param
2903,510,1,alpha,UNDEF,param
2904,510,2,cov_init,None,param
2905,510,3,mode,’cd’,param
2906,510,4,tol,0.0001,param
2907,510,5,enet_tol,0.0001,param
2908,510,6,max_iter,100,param
2909,510,7,verbose,False,param
2910,510,8,return_costs,False,param
2911,510,9,eps,2.22044604925031E-16,param
2912,510,10,return_n_iter,False,param
2913,511,0,dataname,UNDEF,param
2914,511,1,target_name,’label’,param
2915,511,2,data_name,’data’,param
2916,511,3,transpose_data,True,param
2917,511,4,data_home,None,param
2918,512,0,dataname,UNDEF,param
